DATAFLOW,LAST UPDATE,freq,unit,age,sex,geo,TIME_PERIOD,OBS_VALUE,OBS_FLAG
ESTAT:DEMO_PJAN(1.0),28/09/23 23:00:00,A,NR,TOTAL,T,AT,2013,8451860,
ESTAT:DEMO_PJAN(1.0),28/09/23 23:00:00,A,NR,TOTAL,T,AT,2014,8507786,
ESTAT:DEMO_PJAN(1.0),28/09/23 23:00:00,A,NR,TOTAL,T,AT,2015,8584926,
ESTAT:DEMO_PJAN(1.0),28/09/23 23:00:00,A,NR,TOTAL,T,AT,2016,8700471,
ESTAT:DEMO_PJAN(1.0),28/09/23 23:00:00,A,NR,TOTAL,T,AT,2017,8772865,
ESTAT:DEMO_PJAN(1.0),28/09/23 23:00:00,A,NR,TOTAL,T,AT,2018,8822267,
ESTAT:DEMO_PJAN(1.0),28/09/23 23:00:00,A,NR,TOTAL,T,AT,2019,8858775,
ESTAT:DEMO_PJAN(1.0),28/09/23 23:00:00,A,NR,TOTAL,T,AT,2020,8901064,
ESTAT:DEMO_PJAN(1.0),28/09/23 23:00:00,A,NR,TOTAL,T,AT,2021,8932664,
ESTAT:DEMO_PJAN(1.0),28/09/23 23:00:00,A,NR,TOTAL,T,AT,2022,8978929,
ESTAT:DEMO_PJAN(1.0),28/09/23 23:00:00,A,NR,TOTAL,T,BE,2013,11137974,
ESTAT:DEMO_PJAN(1.0),28/09/23 23:00:00,A,NR,TOTAL,T,BE,2014,11180840,
ESTAT:DEMO_PJAN(1.0),28/09/23 23:00:00,A,NR,TOTAL,T,BE,2015,11237274,
ESTAT:DEMO_PJAN(1.0),28/09/23 23:00:00,A,NR,TOTAL,T,BE,2016,11311117,
ESTAT:DEMO_PJAN(1.0),28/09/23 23:00:00,A,NR,TOTAL,T,BE,2017,11351727,
ESTAT:DEMO_PJAN(1.0),28/09/23 23:00:00,A,NR,TOTAL,T,BE,2018,11398589,
ESTAT:DEMO_PJAN(1.0),28/09/23 23:00:00,A,NR,TOTAL,T,BE,2019,11455519,
ESTAT:DEMO_PJAN(1.0),28/09/23 23:00:00,A,NR,TOTAL,T,BE,2020,11522440,
ESTAT:DEMO_PJAN(1.0),28/09/23 23:00:00,A,NR,TOTAL,T,BE,2021,11554767,
ESTAT:DEMO_PJAN(1.0),28/09/23 23:00:00,A,NR,TOTAL,T,BE,2022,11617623,
ESTAT:DEMO_PJAN(1.0),28/09/23 23:00:00,A,NR,TOTAL,T,BG,2013,7284552,
ESTAT:DEMO_PJAN(1.0),28/09/23 23:00:00,A,NR,TOTAL,T,BG,2014,7245677,
ESTAT:DEMO_PJAN(1.0),28/09/23 23:00:00,A,NR,TOTAL,T,BG,2015,7202198,
ESTAT:DEMO_PJAN(1.0),28/09/23 23:00:00,A,NR,TOTAL,T,BG,2016,7153784,
ESTAT:DEMO_PJAN(1.0),28/09/23 23:00:00,A,NR,TOTAL,T,BG,2017,7101859,
ESTAT:DEMO_PJAN(1.0),28/09/23 23:00:00,A,NR,TOTAL,T,BG,2018,7050034,
ESTAT:DEMO_PJAN(1.0),28/09/23 23:00:00,A,NR,TOTAL,T,BG,2019,7000039,
ESTAT:DEMO_PJAN(1.0),28/09/23 23:00:00,A,NR,TOTAL,T,BG,2020,6951482,
ESTAT:DEMO_PJAN(1.0),28/09/23 23:00:00,A,NR,TOTAL,T,BG,2021,6916548,
ESTAT:DEMO_PJAN(1.0),28/09/23 23:00:00,A,NR,TOTAL,T,BG,2022,6838937,
ESTAT:DEMO_PJAN(1.0),28/09/23 23:00:00,A,NR,TOTAL,T,CY,2013,865878,
ESTAT:DEMO_PJAN(1.0),28/09/23 23:00:00,A,NR,TOTAL,T,CY,2014,858000,
ESTAT:DEMO_PJAN(1.0),28/09/23 23:00:00,A,NR,TOTAL,T,CY,2015,847008,
ESTAT:DEMO_PJAN(1.0),28/09/23 23:00:00,A,NR,TOTAL,T,CY,2016,848319,
ESTAT:DEMO_PJAN(1.0),28/09/23 23:00:00,A,NR,TOTAL,T,CY,2017,854802,
ESTAT:DEMO_PJAN(1.0),28/09/23 23:00:00,A,NR,TOTAL,T,CY,2018,864236,
ESTAT:DEMO_PJAN(1.0),28/09/23 23:00:00,A,NR,TOTAL,T,CY,2019,875899,
ESTAT:DEMO_PJAN(1.0),28/09/23 23:00:00,A,NR,TOTAL,T,CY,2020,888005,
ESTAT:DEMO_PJAN(1.0),28/09/23 23:00:00,A,NR,TOTAL,T,CY,2021,896007,
ESTAT:DEMO_PJAN(1.0),28/09/23 23:00:00,A,NR,TOTAL,T,CY,2022,904705,
ESTAT:DEMO_PJAN(1.0),28/09/23 23:00:00,A,NR,TOTAL,T,CZ,2013,10516125,
ESTAT:DEMO_PJAN(1.0),28/09/23 23:00:00,A,NR,TOTAL,T,CZ,2014,10512419,
ESTAT:DEMO_PJAN(1.0),28/09/23 23:00:00,A,NR,TOTAL,T,CZ,2015,10538275,
ESTAT:DEMO_PJAN(1.0),28/09/23 23:00:00,A,NR,TOTAL,T,CZ,2016,10553843,
ESTAT:DEMO_PJAN(1.0),28/09/23 23:00:00,A,NR,TOTAL,T,CZ,2017,10578820,
ESTAT:DEMO_PJAN(1.0),28/09/23 23:00:00,A,NR,TOTAL,T,CZ,2018,10610055,
ESTAT:DEMO_PJAN(1.0),28/09/23 23:00:00,A,NR,TOTAL,T,CZ,2019,10649800,
ESTAT:DEMO_PJAN(1.0),28/09/23 23:00:00,A,NR,TOTAL,T,CZ,2020,10693939,
ESTAT:DEMO_PJAN(1.0),28/09/23 23:00:00,A,NR,TOTAL,T,CZ,2021,10494836,b
ESTAT:DEMO_PJAN(1.0),28/09/23 23:00:00,A,NR,TOTAL,T,CZ,2022,10516707,
ESTAT:DEMO_PJAN(1.0),28/09/23 23:00:00,A,NR,TOTAL,T,DE,2013,80523746,
ESTAT:DEMO_PJAN(1.0),28/09/23 23:00:00,A,NR,TOTAL,T,DE,2014,80767463,
ESTAT:DEMO_PJAN(1.0),28/09/23 23:00:00,A,NR,TOTAL,T,DE,2015,81197537,
ESTAT:DEMO_PJAN(1.0),28/09/23 23:00:00,A,NR,TOTAL,T,DE,2016,82175684,
ESTAT:DEMO_PJAN(1.0),28/09/23 23:00:00,A,NR,TOTAL,T,DE,2017,82521653,
ESTAT:DEMO_PJAN(1.0),28/09/23 23:00:00,A,NR,TOTAL,T,DE,2018,82792351,
ESTAT:DEMO_PJAN(1.0),28/09/23 23:00:00,A,NR,TOTAL,T,DE,2019,83019213,
ESTAT:DEMO_PJAN(1.0),28/09/23 23:00:00,A,NR,TOTAL,T,DE,2020,83166711,
ESTAT:DEMO_PJAN(1.0),28/09/23 23:00:00,A,NR,TOTAL,T,DE,2021,83155031,
ESTAT:DEMO_PJAN(1.0),28/09/23 23:00:00,A,NR,TOTAL,T,DE,2022,83237124,
ESTAT:DEMO_PJAN(1.0),28/09/23 23:00:00,A,NR,TOTAL,T,DK,2013,5602628,
ESTAT:DEMO_PJAN(1.0),28/09/23 23:00:00,A,NR,TOTAL,T,DK,2014,5627235,
ESTAT:DEMO_PJAN(1.0),28/09/23 23:00:00,A,NR,TOTAL,T,DK,2015,5659715,
ESTAT:DEMO_PJAN(1.0),28/09/23 23:00:00,A,NR,TOTAL,T,DK,2016,5707251,
ESTAT:DEMO_PJAN(1.0),28/09/23 23:00:00,A,NR,TOTAL,T,DK,2017,5748769,
ESTAT:DEMO_PJAN(1.0),28/09/23 23:00:00,A,NR,TOTAL,T,DK,2018,5781190,
ESTAT:DEMO_PJAN(1.0),28/09/23 23:00:00,A,NR,TOTAL,T,DK,2019,5806081,
ESTAT:DEMO_PJAN(1.0),28/09/23 23:00:00,A,NR,TOTAL,T,DK,2020,5822763,
ESTAT:DEMO_PJAN(1.0),28/09/23 23:00:00,A,NR,TOTAL,T,DK,2021,5840045,
ESTAT:DEMO_PJAN(1.0),28/09/23 23:00:00,A,NR,TOTAL,T,DK,2022,5873420,
ESTAT:DEMO_PJAN(1.0),28/09/23 23:00:00,A,NR,TOTAL,T,EE,2013,1320174,
ESTAT:DEMO_PJAN(1.0),28/09/23 23:00:00,A,NR,TOTAL,T,EE,2014,1315819,
ESTAT:DEMO_PJAN(1.0),28/09/23 23:00:00,A,NR,TOTAL,T,EE,2015,1314870,b
ESTAT:DEMO_PJAN(1.0),28/09/23 23:00:00,A,NR,TOTAL,T,EE,2016,1315944,
ESTAT:DEMO_PJAN(1.0),28/09/23 23:00:00,A,NR,TOTAL,T,EE,2017,1315635,
ESTAT:DEMO_PJAN(1.0),28/09/23 23:00:00,A,NR,TOTAL,T,EE,2018,1319133,
ESTAT:DEMO_PJAN(1.0),28/09/23 23:00:00,A,NR,TOTAL,T,EE,2019,1324820,
ESTAT:DEMO_PJAN(1.0),28/09/23 23:00:00,A,NR,TOTAL,T,EE,2020,1328976,
ESTAT:DEMO_PJAN(1.0),28/09/23 23:00:00,A,NR,TOTAL,T,EE,2021,1330068,
ESTAT:DEMO_PJAN(1.0),28/09/23 23:00:00,A,NR,TOTAL,T,EE,2022,1331796,
ESTAT:DEMO_PJAN(1.0),28/09/23 23:00:00,A,NR,TOTAL,T,EL,2013,11003615,
ESTAT:DEMO_PJAN(1.0),28/09/23 23:00:00,A,NR,TOTAL,T,EL,2014,10926807,
ESTAT:DEMO_PJAN(1.0),28/09/23 23:00:00,A,NR,TOTAL,T,EL,2015,10858018,
ESTAT:DEMO_PJAN(1.0),28/09/23 23:00:00,A,NR,TOTAL,T,EL,2016,10783748,
ESTAT:DEMO_PJAN(1.0),28/09/23 23:00:00,A,NR,TOTAL,T,EL,2017,10768193,
ESTAT:DEMO_PJAN(1.0),28/09/23 23:00:00,A,NR,TOTAL,T,EL,2018,10741165,
ESTAT:DEMO_PJAN(1.0),28/09/23 23:00:00,A,NR,TOTAL,T,EL,2019,10724599,
ESTAT:DEMO_PJAN(1.0),28/09/23 23:00:00,A,NR,TOTAL,T,EL,2020,10718565,
ESTAT:DEMO_PJAN(1.0),28/09/23 23:00:00,A,NR,TOTAL,T,EL,2021,10678632,
ESTAT:DEMO_PJAN(1.0),28/09/23 23:00:00,A,NR,TOTAL,T,EL,2022,10459782,b
ESTAT:DEMO_PJAN(1.0),28/09/23 23:00:00,A,NR,TOTAL,T,ES,2013,46727890,
ESTAT:DEMO_PJAN(1.0),28/09/23 23:00:00,A,NR,TOTAL,T,ES,2014,46512199,
ESTAT:DEMO_PJAN(1.0),28/09/23 23:00:00,A,NR,TOTAL,T,ES,2015,46449565,
ESTAT:DEMO_PJAN(1.0),28/09/23 23:00:00,A,NR,TOTAL,T,ES,2016,46440099,
ESTAT:DEMO_PJAN(1.0),28/09/23 23:00:00,A,NR,TOTAL,T,ES,2017,46528024,
ESTAT:DEMO_PJAN(1.0),28/09/23 23:00:00,A,NR,TOTAL,T,ES,2018,46658447,
ESTAT:DEMO_PJAN(1.0),28/09/23 23:00:00,A,NR,TOTAL,T,ES,2019,46937060,
ESTAT:DEMO_PJAN(1.0),28/09/23 23:00:00,A,NR,TOTAL,T,ES,2020,47332614,
ESTAT:DEMO_PJAN(1.0),28/09/23 23:00:00,A,NR,TOTAL,T,ES,2021,47398695,
ESTAT:DEMO_PJAN(1.0),28/09/23 23:00:00,A,NR,TOTAL,T,ES,2022,47432893,
ESTAT:DEMO_PJAN(1.0),28/09/23 23:00:00,A,NR,TOTAL,T,EU27_2007,2013,500900868,
ESTAT:DEMO_PJAN(1.0),28/09/23 23:00:00,A,NR,TOTAL,T,EU27_2007,2014,502988282,b
ESTAT:DEMO_PJAN(1.0),28/09/23 23:00:00,A,NR,TOTAL,T,EU27_2007,2015,504294889,b
ESTAT:DEMO_PJAN(1.0),28/09/23 23:00:00,A,NR,TOTAL,T,EU27_2007,2016,505991205,
ESTAT:DEMO_PJAN(1.0),28/09/23 23:00:00,A,NR,TOTAL,T,EU27_2007,2017,507224359,b
ESTAT:DEMO_PJAN(1.0),28/09/23 23:00:00,A,NR,TOTAL,T,EU27_2007,2018,508376640,p
ESTAT:DEMO_PJAN(1.0),28/09/23 23:00:00,A,NR,TOTAL,T,EU27_2007,2019,509017310,bep
ESTAT:DEMO_PJAN(1.0),28/09/23 23:00:00,A,NR,TOTAL,T,EU27_2007,2020,510287293,ep
ESTAT:DEMO_PJAN(1.0),28/09/23 23:00:00,A,NR,TOTAL,T,EU27_2020,2013,441257711,
ESTAT:DEMO_PJAN(1.0),28/09/23 23:00:00,A,NR,TOTAL,T,EU27_2020,2014,442883888,b
ESTAT:DEMO_PJAN(1.0),28/09/23 23:00:00,A,NR,TOTAL,T,EU27_2020,2015,443666812,b
ESTAT:DEMO_PJAN(1.0),28/09/23 23:00:00,A,NR,TOTAL,T,EU27_2020,2016,444802830,
ESTAT:DEMO_PJAN(1.0),28/09/23 23:00:00,A,NR,TOTAL,T,EU27_2020,2017,445534430,b
ESTAT:DEMO_PJAN(1.0),28/09/23 23:00:00,A,NR,TOTAL,T,EU27_2020,2018,446208557,p
ESTAT:DEMO_PJAN(1.0),28/09/23 23:00:00,A,NR,TOTAL,T,EU27_2020,2019,446446444,bep
ESTAT:DEMO_PJAN(1.0),28/09/23 23:00:00,A,NR,TOTAL,T,EU27_2020,2020,447319916,ep
ESTAT:DEMO_PJAN(1.0),28/09/23 23:00:00,A,NR,TOTAL,T,EU27_2020,2021,447073916,bep
ESTAT:DEMO_PJAN(1.0),28/09/23 23:00:00,A,NR,TOTAL,T,EU27_2020,2022,446735291,bep
ESTAT:DEMO_PJAN(1.0),28/09/23 23:00:00,A,NR,TOTAL,T,EU28,2013,505163008,
ESTAT:DEMO_PJAN(1.0),28/09/23 23:00:00,A,NR,TOTAL,T,EU28,2014,507235091,b
ESTAT:DEMO_PJAN(1.0),28/09/23 23:00:00,A,NR,TOTAL,T,EU28,2015,508520205,b
ESTAT:DEMO_PJAN(1.0),28/09/23 23:00:00,A,NR,TOTAL,T,EU28,2016,510181874,
ESTAT:DEMO_PJAN(1.0),28/09/23 23:00:00,A,NR,TOTAL,T,EU28,2017,511378572,b
ESTAT:DEMO_PJAN(1.0),28/09/23 23:00:00,A,NR,TOTAL,T,EU28,2018,512482133,p
ESTAT:DEMO_PJAN(1.0),28/09/23 23:00:00,A,NR,TOTAL,T,EU28,2019,513093556,bep
ESTAT:DEMO_PJAN(1.0),28/09/23 23:00:00,A,NR,TOTAL,T,FI,2013,5426674,
ESTAT:DEMO_PJAN(1.0),28/09/23 23:00:00,A,NR,TOTAL,T,FI,2014,5451270,
ESTAT:DEMO_PJAN(1.0),28/09/23 23:00:00,A,NR,TOTAL,T,FI,2015,5471753,
ESTAT:DEMO_PJAN(1.0),28/09/23 23:00:00,A,NR,TOTAL,T,FI,2016,5487308,
ESTAT:DEMO_PJAN(1.0),28/09/23 23:00:00,A,NR,TOTAL,T,FI,2017,5503297,
ESTAT:DEMO_PJAN(1.0),28/09/23 23:00:00,A,NR,TOTAL,T,FI,2018,5513130,
ESTAT:DEMO_PJAN(1.0),28/09/23 23:00:00,A,NR,TOTAL,T,FI,2019,5517919,
ESTAT:DEMO_PJAN(1.0),28/09/23 23:00:00,A,NR,TOTAL,T,FI,2020,5525292,
ESTAT:DEMO_PJAN(1.0),28/09/23 23:00:00,A,NR,TOTAL,T,FI,2021,5533793,
ESTAT:DEMO_PJAN(1.0),28/09/23 23:00:00,A,NR,TOTAL,T,FI,2022,5548241,
ESTAT:DEMO_PJAN(1.0),28/09/23 23:00:00,A,NR,TOTAL,T,FR,2013,65600350,
ESTAT:DEMO_PJAN(1.0),28/09/23 23:00:00,A,NR,TOTAL,T,FR,2014,66165980,b
ESTAT:DEMO_PJAN(1.0),28/09/23 23:00:00,A,NR,TOTAL,T,FR,2015,66458153,
ESTAT:DEMO_PJAN(1.0),28/09/23 23:00:00,A,NR,TOTAL,T,FR,2016,66638391,
ESTAT:DEMO_PJAN(1.0),28/09/23 23:00:00,A,NR,TOTAL,T,FR,2017,66809816,
ESTAT:DEMO_PJAN(1.0),28/09/23 23:00:00,A,NR,TOTAL,T,FR,2018,67026224,p
ESTAT:DEMO_PJAN(1.0),28/09/23 23:00:00,A,NR,TOTAL,T,FR,2019,67177636,p
ESTAT:DEMO_PJAN(1.0),28/09/23 23:00:00,A,NR,TOTAL,T,FR,2020,67320216,p
ESTAT:DEMO_PJAN(1.0),28/09/23 23:00:00,A,NR,TOTAL,T,FR,2021,67656682,p
ESTAT:DEMO_PJAN(1.0),28/09/23 23:00:00,A,NR,TOTAL,T,FR,2022,67871925,p
ESTAT:DEMO_PJAN(1.0),28/09/23 23:00:00,A,NR,TOTAL,T,HR,2013,4262140,
ESTAT:DEMO_PJAN(1.0),28/09/23 23:00:00,A,NR,TOTAL,T,HR,2014,4246809,
ESTAT:DEMO_PJAN(1.0),28/09/23 23:00:00,A,NR,TOTAL,T,HR,2015,4225316,
ESTAT:DEMO_PJAN(1.0),28/09/23 23:00:00,A,NR,TOTAL,T,HR,2016,4190669,
ESTAT:DEMO_PJAN(1.0),28/09/23 23:00:00,A,NR,TOTAL,T,HR,2017,4154213,
ESTAT:DEMO_PJAN(1.0),28/09/23 23:00:00,A,NR,TOTAL,T,HR,2018,4105493,
ESTAT:DEMO_PJAN(1.0),28/09/23 23:00:00,A,NR,TOTAL,T,HR,2019,4076246,
ESTAT:DEMO_PJAN(1.0),28/09/23 23:00:00,A,NR,TOTAL,T,HR,2020,4058165,
ESTAT:DEMO_PJAN(1.0),28/09/23 23:00:00,A,NR,TOTAL,T,HR,2021,4036355,
ESTAT:DEMO_PJAN(1.0),28/09/23 23:00:00,A,NR,TOTAL,T,HR,2022,3862305,b
ESTAT:DEMO_PJAN(1.0),28/09/23 23:00:00,A,NR,TOTAL,T,HU,2013,9908798,
ESTAT:DEMO_PJAN(1.0),28/09/23 23:00:00,A,NR,TOTAL,T,HU,2014,9877365,
ESTAT:DEMO_PJAN(1.0),28/09/23 23:00:00,A,NR,TOTAL,T,HU,2015,9855571,
ESTAT:DEMO_PJAN(1.0),28/09/23 23:00:00,A,NR,TOTAL,T,HU,2016,9830485,
ESTAT:DEMO_PJAN(1.0),28/09/23 23:00:00,A,NR,TOTAL,T,HU,2017,9797561,
ESTAT:DEMO_PJAN(1.0),28/09/23 23:00:00,A,NR,TOTAL,T,HU,2018,9778371,
ESTAT:DEMO_PJAN(1.0),28/09/23 23:00:00,A,NR,TOTAL,T,HU,2019,9772756,
ESTAT:DEMO_PJAN(1.0),28/09/23 23:00:00,A,NR,TOTAL,T,HU,2020,9769526,
ESTAT:DEMO_PJAN(1.0),28/09/23 23:00:00,A,NR,TOTAL,T,HU,2021,9730772,
ESTAT:DEMO_PJAN(1.0),28/09/23 23:00:00,A,NR,TOTAL,T,HU,2022,9689010,
ESTAT:DEMO_PJAN(1.0),28/09/23 23:00:00,A,NR,TOTAL,T,IE,2013,4609779,
ESTAT:DEMO_PJAN(1.0),28/09/23 23:00:00,A,NR,TOTAL,T,IE,2014,4637852,
ESTAT:DEMO_PJAN(1.0),28/09/23 23:00:00,A,NR,TOTAL,T,IE,2015,4677627,
ESTAT:DEMO_PJAN(1.0),28/09/23 23:00:00,A,NR,TOTAL,T,IE,2016,4726286,
ESTAT:DEMO_PJAN(1.0),28/09/23 23:00:00,A,NR,TOTAL,T,IE,2017,4784383,
ESTAT:DEMO_PJAN(1.0),28/09/23 23:00:00,A,NR,TOTAL,T,IE,2018,4830392,
ESTAT:DEMO_PJAN(1.0),28/09/23 23:00:00,A,NR,TOTAL,T,IE,2019,4904240,e
ESTAT:DEMO_PJAN(1.0),28/09/23 23:00:00,A,NR,TOTAL,T,IE,2020,4964440,
ESTAT:DEMO_PJAN(1.0),28/09/23 23:00:00,A,NR,TOTAL,T,IE,2021,5006324,
ESTAT:DEMO_PJAN(1.0),28/09/23 23:00:00,A,NR,TOTAL,T,IE,2022,5060004,
ESTAT:DEMO_PJAN(1.0),28/09/23 23:00:00,A,NR,TOTAL,T,IT,2013,59685227,
ESTAT:DEMO_PJAN(1.0),28/09/23 23:00:00,A,NR,TOTAL,T,IT,2014,60782668,
ESTAT:DEMO_PJAN(1.0),28/09/23 23:00:00,A,NR,TOTAL,T,IT,2015,60795612,
ESTAT:DEMO_PJAN(1.0),28/09/23 23:00:00,A,NR,TOTAL,T,IT,2016,60665551,
ESTAT:DEMO_PJAN(1.0),28/09/23 23:00:00,A,NR,TOTAL,T,IT,2017,60589445,
ESTAT:DEMO_PJAN(1.0),28/09/23 23:00:00,A,NR,TOTAL,T,IT,2018,60483973,
ESTAT:DEMO_PJAN(1.0),28/09/23 23:00:00,A,NR,TOTAL,T,IT,2019,59816673,b
ESTAT:DEMO_PJAN(1.0),28/09/23 23:00:00,A,NR,TOTAL,T,IT,2020,59641488,
ESTAT:DEMO_PJAN(1.0),28/09/23 23:00:00,A,NR,TOTAL,T,IT,2021,59236213,
ESTAT:DEMO_PJAN(1.0),28/09/23 23:00:00,A,NR,TOTAL,T,IT,2022,59030133,
ESTAT:DEMO_PJAN(1.0),28/09/23 23:00:00,A,NR,TOTAL,T,LT,2013,2971905,
ESTAT:DEMO_PJAN(1.0),28/09/23 23:00:00,A,NR,TOTAL,T,LT,2014,2943472,
ESTAT:DEMO_PJAN(1.0),28/09/23 23:00:00,A,NR,TOTAL,T,LT,2015,2921262,
ESTAT:DEMO_PJAN(1.0),28/09/23 23:00:00,A,NR,TOTAL,T,LT,2016,2888558,
ESTAT:DEMO_PJAN(1.0),28/09/23 23:00:00,A,NR,TOTAL,T,LT,2017,2847904,
ESTAT:DEMO_PJAN(1.0),28/09/23 23:00:00,A,NR,TOTAL,T,LT,2018,2808901,
ESTAT:DEMO_PJAN(1.0),28/09/23 23:00:00,A,NR,TOTAL,T,LT,2019,2794184,
ESTAT:DEMO_PJAN(1.0),28/09/23 23:00:00,A,NR,TOTAL,T,LT,2020,2794090,
ESTAT:DEMO_PJAN(1.0),28/09/23 23:00:00,A,NR,TOTAL,T,LT,2021,2795680,
ESTAT:DEMO_PJAN(1.0),28/09/23 23:00:00,A,NR,TOTAL,T,LT,2022,2805998,
ESTAT:DEMO_PJAN(1.0),28/09/23 23:00:00,A,NR,TOTAL,T,LU,2013,537039,
ESTAT:DEMO_PJAN(1.0),28/09/23 23:00:00,A,NR,TOTAL,T,LU,2014,549680,
ESTAT:DEMO_PJAN(1.0),28/09/23 23:00:00,A,NR,TOTAL,T,LU,2015,562958,
ESTAT:DEMO_PJAN(1.0),28/09/23 23:00:00,A,NR,TOTAL,T,LU,2016,576249,
ESTAT:DEMO_PJAN(1.0),28/09/23 23:00:00,A,NR,TOTAL,T,LU,2017,590667,b
ESTAT:DEMO_PJAN(1.0),28/09/23 23:00:00,A,NR,TOTAL,T,LU,2018,602005,
ESTAT:DEMO_PJAN(1.0),28/09/23 23:00:00,A,NR,TOTAL,T,LU,2019,613894,
ESTAT:DEMO_PJAN(1.0),28/09/23 23:00:00,A,NR,TOTAL,T,LU,2020,626108,
ESTAT:DEMO_PJAN(1.0),28/09/23 23:00:00,A,NR,TOTAL,T,LU,2021,634730,
ESTAT:DEMO_PJAN(1.0),28/09/23 23:00:00,A,NR,TOTAL,T,LU,2022,645397,
ESTAT:DEMO_PJAN(1.0),28/09/23 23:00:00,A,NR,TOTAL,T,LV,2013,2023825,
ESTAT:DEMO_PJAN(1.0),28/09/23 23:00:00,A,NR,TOTAL,T,LV,2014,2001468,
ESTAT:DEMO_PJAN(1.0),28/09/23 23:00:00,A,NR,TOTAL,T,LV,2015,1986096,
ESTAT:DEMO_PJAN(1.0),28/09/23 23:00:00,A,NR,TOTAL,T,LV,2016,1968957,
ESTAT:DEMO_PJAN(1.0),28/09/23 23:00:00,A,NR,TOTAL,T,LV,2017,1950116,
ESTAT:DEMO_PJAN(1.0),28/09/23 23:00:00,A,NR,TOTAL,T,LV,2018,1934379,
ESTAT:DEMO_PJAN(1.0),28/09/23 23:00:00,A,NR,TOTAL,T,LV,2019,1919968,
ESTAT:DEMO_PJAN(1.0),28/09/23 23:00:00,A,NR,TOTAL,T,LV,2020,1907675,
ESTAT:DEMO_PJAN(1.0),28/09/23 23:00:00,A,NR,TOTAL,T,LV,2021,1893223,
ESTAT:DEMO_PJAN(1.0),28/09/23 23:00:00,A,NR,TOTAL,T,LV,2022,1875757,
ESTAT:DEMO_PJAN(1.0),28/09/23 23:00:00,A,NR,TOTAL,T,MT,2013,422509,
ESTAT:DEMO_PJAN(1.0),28/09/23 23:00:00,A,NR,TOTAL,T,MT,2014,429424,
ESTAT:DEMO_PJAN(1.0),28/09/23 23:00:00,A,NR,TOTAL,T,MT,2015,439691,
ESTAT:DEMO_PJAN(1.0),28/09/23 23:00:00,A,NR,TOTAL,T,MT,2016,450415,
ESTAT:DEMO_PJAN(1.0),28/09/23 23:00:00,A,NR,TOTAL,T,MT,2017,460297,
ESTAT:DEMO_PJAN(1.0),28/09/23 23:00:00,A,NR,TOTAL,T,MT,2018,475701,
ESTAT:DEMO_PJAN(1.0),28/09/23 23:00:00,A,NR,TOTAL,T,MT,2019,493559,
ESTAT:DEMO_PJAN(1.0),28/09/23 23:00:00,A,NR,TOTAL,T,MT,2020,514564,
ESTAT:DEMO_PJAN(1.0),28/09/23 23:00:00,A,NR,TOTAL,T,MT,2021,516100,
ESTAT:DEMO_PJAN(1.0),28/09/23 23:00:00,A,NR,TOTAL,T,MT,2022,520971,p
ESTAT:DEMO_PJAN(1.0),28/09/23 23:00:00,A,NR,TOTAL,T,NL,2013,16779575,
ESTAT:DEMO_PJAN(1.0),28/09/23 23:00:00,A,NR,TOTAL,T,NL,2014,16829289,
ESTAT:DEMO_PJAN(1.0),28/09/23 23:00:00,A,NR,TOTAL,T,NL,2015,16900726,
ESTAT:DEMO_PJAN(1.0),28/09/23 23:00:00,A,NR,TOTAL,T,NL,2016,16979120,
ESTAT:DEMO_PJAN(1.0),28/09/23 23:00:00,A,NR,TOTAL,T,NL,2017,17081507,
ESTAT:DEMO_PJAN(1.0),28/09/23 23:00:00,A,NR,TOTAL,T,NL,2018,17181084,
ESTAT:DEMO_PJAN(1.0),28/09/23 23:00:00,A,NR,TOTAL,T,NL,2019,17282163,
ESTAT:DEMO_PJAN(1.0),28/09/23 23:00:00,A,NR,TOTAL,T,NL,2020,17407585,
ESTAT:DEMO_PJAN(1.0),28/09/23 23:00:00,A,NR,TOTAL,T,NL,2021,17475415,
ESTAT:DEMO_PJAN(1.0),28/09/23 23:00:00,A,NR,TOTAL,T,NL,2022,17590672,
ESTAT:DEMO_PJAN(1.0),28/09/23 23:00:00,A,NR,TOTAL,T,PL,2013,38062535,
ESTAT:DEMO_PJAN(1.0),28/09/23 23:00:00,A,NR,TOTAL,T,PL,2014,38017856,
ESTAT:DEMO_PJAN(1.0),28/09/23 23:00:00,A,NR,TOTAL,T,PL,2015,38005614,
ESTAT:DEMO_PJAN(1.0),28/09/23 23:00:00,A,NR,TOTAL,T,PL,2016,37967209,
ESTAT:DEMO_PJAN(1.0),28/09/23 23:00:00,A,NR,TOTAL,T,PL,2017,37972964,
ESTAT:DEMO_PJAN(1.0),28/09/23 23:00:00,A,NR,TOTAL,T,PL,2018,37976687,
ESTAT:DEMO_PJAN(1.0),28/09/23 23:00:00,A,NR,TOTAL,T,PL,2019,37972812,
ESTAT:DEMO_PJAN(1.0),28/09/23 23:00:00,A,NR,TOTAL,T,PL,2020,37958138,
ESTAT:DEMO_PJAN(1.0),28/09/23 23:00:00,A,NR,TOTAL,T,PL,2021,37840001,ep
ESTAT:DEMO_PJAN(1.0),28/09/23 23:00:00,A,NR,TOTAL,T,PL,2022,37654247,ep
ESTAT:DEMO_PJAN(1.0),28/09/23 23:00:00,A,NR,TOTAL,T,PT,2013,10487289,
ESTAT:DEMO_PJAN(1.0),28/09/23 23:00:00,A,NR,TOTAL,T,PT,2014,10427301,
ESTAT:DEMO_PJAN(1.0),28/09/23 23:00:00,A,NR,TOTAL,T,PT,2015,10374822,
ESTAT:DEMO_PJAN(1.0),28/09/23 23:00:00,A,NR,TOTAL,T,PT,2016,10341330,
ESTAT:DEMO_PJAN(1.0),28/09/23 23:00:00,A,NR,TOTAL,T,PT,2017,10309573,
ESTAT:DEMO_PJAN(1.0),28/09/23 23:00:00,A,NR,TOTAL,T,PT,2018,10291027,
ESTAT:DEMO_PJAN(1.0),28/09/23 23:00:00,A,NR,TOTAL,T,PT,2019,10276617,
ESTAT:DEMO_PJAN(1.0),28/09/23 23:00:00,A,NR,TOTAL,T,PT,2020,10295909,
ESTAT:DEMO_PJAN(1.0),28/09/23 23:00:00,A,NR,TOTAL,T,PT,2021,10298252,
ESTAT:DEMO_PJAN(1.0),28/09/23 23:00:00,A,NR,TOTAL,T,PT,2022,10352042,bp
ESTAT:DEMO_PJAN(1.0),28/09/23 23:00:00,A,NR,TOTAL,T,RO,2013,20020074,
ESTAT:DEMO_PJAN(1.0),28/09/23 23:00:00,A,NR,TOTAL,T,RO,2014,19947311,
ESTAT:DEMO_PJAN(1.0),28/09/23 23:00:00,A,NR,TOTAL,T,RO,2015,19870647,
ESTAT:DEMO_PJAN(1.0),28/09/23 23:00:00,A,NR,TOTAL,T,RO,2016,19760585,
ESTAT:DEMO_PJAN(1.0),28/09/23 23:00:00,A,NR,TOTAL,T,RO,2017,19643949,
ESTAT:DEMO_PJAN(1.0),28/09/23 23:00:00,A,NR,TOTAL,T,RO,2018,19533481,
ESTAT:DEMO_PJAN(1.0),28/09/23 23:00:00,A,NR,TOTAL,T,RO,2019,19414458,
ESTAT:DEMO_PJAN(1.0),28/09/23 23:00:00,A,NR,TOTAL,T,RO,2020,19328838,e
ESTAT:DEMO_PJAN(1.0),28/09/23 23:00:00,A,NR,TOTAL,T,RO,2021,19201662,
ESTAT:DEMO_PJAN(1.0),28/09/23 23:00:00,A,NR,TOTAL,T,RO,2022,19042455,e
ESTAT:DEMO_PJAN(1.0),28/09/23 23:00:00,A,NR,TOTAL,T,SE,2013,9555893,
ESTAT:DEMO_PJAN(1.0),28/09/23 23:00:00,A,NR,TOTAL,T,SE,2014,9644864,
ESTAT:DEMO_PJAN(1.0),28/09/23 23:00:00,A,NR,TOTAL,T,SE,2015,9747355,
ESTAT:DEMO_PJAN(1.0),28/09/23 23:00:00,A,NR,TOTAL,T,SE,2016,9851017,
ESTAT:DEMO_PJAN(1.0),28/09/23 23:00:00,A,NR,TOTAL,T,SE,2017,9995153,
ESTAT:DEMO_PJAN(1.0),28/09/23 23:00:00,A,NR,TOTAL,T,SE,2018,10120242,
ESTAT:DEMO_PJAN(1.0),28/09/23 23:00:00,A,NR,TOTAL,T,SE,2019,10230185,
ESTAT:DEMO_PJAN(1.0),28/09/23 23:00:00,A,NR,TOTAL,T,SE,2020,10327589,
ESTAT:DEMO_PJAN(1.0),28/09/23 23:00:00,A,NR,TOTAL,T,SE,2021,10379295,
ESTAT:DEMO_PJAN(1.0),28/09/23 23:00:00,A,NR,TOTAL,T,SE,2022,10452326,
ESTAT:DEMO_PJAN(1.0),28/09/23 23:00:00,A,NR,TOTAL,T,SI,2013,2058821,
ESTAT:DEMO_PJAN(1.0),28/09/23 23:00:00,A,NR,TOTAL,T,SI,2014,2061085,
ESTAT:DEMO_PJAN(1.0),28/09/23 23:00:00,A,NR,TOTAL,T,SI,2015,2062874,
ESTAT:DEMO_PJAN(1.0),28/09/23 23:00:00,A,NR,TOTAL,T,SI,2016,2064188,
ESTAT:DEMO_PJAN(1.0),28/09/23 23:00:00,A,NR,TOTAL,T,SI,2017,2065895,
ESTAT:DEMO_PJAN(1.0),28/09/23 23:00:00,A,NR,TOTAL,T,SI,2018,2066880,
ESTAT:DEMO_PJAN(1.0),28/09/23 23:00:00,A,NR,TOTAL,T,SI,2019,2080908,
ESTAT:DEMO_PJAN(1.0),28/09/23 23:00:00,A,NR,TOTAL,T,SI,2020,2095861,
ESTAT:DEMO_PJAN(1.0),28/09/23 23:00:00,A,NR,TOTAL,T,SI,2021,2108977,
ESTAT:DEMO_PJAN(1.0),28/09/23 23:00:00,A,NR,TOTAL,T,SI,2022,2107180,
ESTAT:DEMO_PJAN(1.0),28/09/23 23:00:00,A,NR,TOTAL,T,SK,2013,5410836,
ESTAT:DEMO_PJAN(1.0),28/09/23 23:00:00,A,NR,TOTAL,T,SK,2014,5415949,
ESTAT:DEMO_PJAN(1.0),28/09/23 23:00:00,A,NR,TOTAL,T,SK,2015,5421349,
ESTAT:DEMO_PJAN(1.0),28/09/23 23:00:00,A,NR,TOTAL,T,SK,2016,5426252,
ESTAT:DEMO_PJAN(1.0),28/09/23 23:00:00,A,NR,TOTAL,T,SK,2017,5435343,
ESTAT:DEMO_PJAN(1.0),28/09/23 23:00:00,A,NR,TOTAL,T,SK,2018,5443120,
ESTAT:DEMO_PJAN(1.0),28/09/23 23:00:00,A,NR,TOTAL,T,SK,2019,5450421,
ESTAT:DEMO_PJAN(1.0),28/09/23 23:00:00,A,NR,TOTAL,T,SK,2020,5457873,
ESTAT:DEMO_PJAN(1.0),28/09/23 23:00:00,A,NR,TOTAL,T,SK,2021,5459781,
ESTAT:DEMO_PJAN(1.0),28/09/23 23:00:00,A,NR,TOTAL,T,SK,2022,5434712,
