DATAFLOW,LAST UPDATE,freq,unit,tra_cov,geo,TIME_PERIOD,OBS_VALUE,OBS_FLAG
ESTAT:RAIL_PA_TYPEPAS(1.0),13/10/23 23:00:00,A,THS_PAS,INTL,AT,2013,10371,
ESTAT:RAIL_PA_TYPEPAS(1.0),13/10/23 23:00:00,A,THS_PAS,INTL,AT,2014,10234,
ESTAT:RAIL_PA_TYPEPAS(1.0),13/10/23 23:00:00,A,THS_PAS,INTL,AT,2015,9667,
ESTAT:RAIL_PA_TYPEPAS(1.0),13/10/23 23:00:00,A,THS_PAS,INTL,AT,2016,9298,
ESTAT:RAIL_PA_TYPEPAS(1.0),13/10/23 23:00:00,A,THS_PAS,INTL,AT,2017,9269,
ESTAT:RAIL_PA_TYPEPAS(1.0),13/10/23 23:00:00,A,THS_PAS,INTL,AT,2018,9918,
ESTAT:RAIL_PA_TYPEPAS(1.0),13/10/23 23:00:00,A,THS_PAS,INTL,AT,2019,10792,
ESTAT:RAIL_PA_TYPEPAS(1.0),13/10/23 23:00:00,A,THS_PAS,INTL,AT,2020,4613,
ESTAT:RAIL_PA_TYPEPAS(1.0),13/10/23 23:00:00,A,THS_PAS,INTL,AT,2021,5557,
ESTAT:RAIL_PA_TYPEPAS(1.0),13/10/23 23:00:00,A,THS_PAS,INTL,AT,2022,11893,
ESTAT:RAIL_PA_TYPEPAS(1.0),13/10/23 23:00:00,A,THS_PAS,INTL,BE,2013,,c
ESTAT:RAIL_PA_TYPEPAS(1.0),13/10/23 23:00:00,A,THS_PAS,INTL,BE,2014,,c
ESTAT:RAIL_PA_TYPEPAS(1.0),13/10/23 23:00:00,A,THS_PAS,INTL,BE,2015,,c
ESTAT:RAIL_PA_TYPEPAS(1.0),13/10/23 23:00:00,A,THS_PAS,INTL,BE,2016,,c
ESTAT:RAIL_PA_TYPEPAS(1.0),13/10/23 23:00:00,A,THS_PAS,INTL,BE,2017,,c
ESTAT:RAIL_PA_TYPEPAS(1.0),13/10/23 23:00:00,A,THS_PAS,INTL,BE,2018,,c
ESTAT:RAIL_PA_TYPEPAS(1.0),13/10/23 23:00:00,A,THS_PAS,INTL,BE,2019,,c
ESTAT:RAIL_PA_TYPEPAS(1.0),13/10/23 23:00:00,A,THS_PAS,INTL,BE,2020,,c
ESTAT:RAIL_PA_TYPEPAS(1.0),13/10/23 23:00:00,A,THS_PAS,INTL,BE,2021,,c
ESTAT:RAIL_PA_TYPEPAS(1.0),13/10/23 23:00:00,A,THS_PAS,INTL,BE,2022,,c
ESTAT:RAIL_PA_TYPEPAS(1.0),13/10/23 23:00:00,A,THS_PAS,INTL,BG,2013,332,
ESTAT:RAIL_PA_TYPEPAS(1.0),13/10/23 23:00:00,A,THS_PAS,INTL,BG,2014,289,
ESTAT:RAIL_PA_TYPEPAS(1.0),13/10/23 23:00:00,A,THS_PAS,INTL,BG,2015,234,
ESTAT:RAIL_PA_TYPEPAS(1.0),13/10/23 23:00:00,A,THS_PAS,INTL,BG,2016,515,
ESTAT:RAIL_PA_TYPEPAS(1.0),13/10/23 23:00:00,A,THS_PAS,INTL,BG,2017,784,
ESTAT:RAIL_PA_TYPEPAS(1.0),13/10/23 23:00:00,A,THS_PAS,INTL,BG,2018,795,
ESTAT:RAIL_PA_TYPEPAS(1.0),13/10/23 23:00:00,A,THS_PAS,INTL,BG,2019,1044,
ESTAT:RAIL_PA_TYPEPAS(1.0),13/10/23 23:00:00,A,THS_PAS,INTL,BG,2020,299,
ESTAT:RAIL_PA_TYPEPAS(1.0),13/10/23 23:00:00,A,THS_PAS,INTL,BG,2021,274,
ESTAT:RAIL_PA_TYPEPAS(1.0),13/10/23 23:00:00,A,THS_PAS,INTL,BG,2022,1640,
ESTAT:RAIL_PA_TYPEPAS(1.0),13/10/23 23:00:00,A,THS_PAS,INTL,CZ,2013,3399,
ESTAT:RAIL_PA_TYPEPAS(1.0),13/10/23 23:00:00,A,THS_PAS,INTL,CZ,2014,3450,
ESTAT:RAIL_PA_TYPEPAS(1.0),13/10/23 23:00:00,A,THS_PAS,INTL,CZ,2015,4170,
ESTAT:RAIL_PA_TYPEPAS(1.0),13/10/23 23:00:00,A,THS_PAS,INTL,CZ,2016,5066,
ESTAT:RAIL_PA_TYPEPAS(1.0),13/10/23 23:00:00,A,THS_PAS,INTL,CZ,2017,5791,
ESTAT:RAIL_PA_TYPEPAS(1.0),13/10/23 23:00:00,A,THS_PAS,INTL,CZ,2018,6775,
ESTAT:RAIL_PA_TYPEPAS(1.0),13/10/23 23:00:00,A,THS_PAS,INTL,CZ,2019,7419,
ESTAT:RAIL_PA_TYPEPAS(1.0),13/10/23 23:00:00,A,THS_PAS,INTL,CZ,2020,2630,
ESTAT:RAIL_PA_TYPEPAS(1.0),13/10/23 23:00:00,A,THS_PAS,INTL,CZ,2021,3039,
ESTAT:RAIL_PA_TYPEPAS(1.0),13/10/23 23:00:00,A,THS_PAS,INTL,CZ,2022,7572,
ESTAT:RAIL_PA_TYPEPAS(1.0),13/10/23 23:00:00,A,THS_PAS,INTL,DE,2013,15148,
ESTAT:RAIL_PA_TYPEPAS(1.0),13/10/23 23:00:00,A,THS_PAS,INTL,DE,2014,15055,
ESTAT:RAIL_PA_TYPEPAS(1.0),13/10/23 23:00:00,A,THS_PAS,INTL,DE,2015,14015,
ESTAT:RAIL_PA_TYPEPAS(1.0),13/10/23 23:00:00,A,THS_PAS,INTL,DE,2016,13931,
ESTAT:RAIL_PA_TYPEPAS(1.0),13/10/23 23:00:00,A,THS_PAS,INTL,DE,2017,15851,
ESTAT:RAIL_PA_TYPEPAS(1.0),13/10/23 23:00:00,A,THS_PAS,INTL,DE,2018,15387,
ESTAT:RAIL_PA_TYPEPAS(1.0),13/10/23 23:00:00,A,THS_PAS,INTL,DE,2019,17023,
ESTAT:RAIL_PA_TYPEPAS(1.0),13/10/23 23:00:00,A,THS_PAS,INTL,DE,2020,14427,
ESTAT:RAIL_PA_TYPEPAS(1.0),13/10/23 23:00:00,A,THS_PAS,INTL,DE,2021,9316,
ESTAT:RAIL_PA_TYPEPAS(1.0),13/10/23 23:00:00,A,THS_PAS,INTL,DK,2013,12349,
ESTAT:RAIL_PA_TYPEPAS(1.0),13/10/23 23:00:00,A,THS_PAS,INTL,DK,2014,12403,
ESTAT:RAIL_PA_TYPEPAS(1.0),13/10/23 23:00:00,A,THS_PAS,INTL,DK,2015,13041,
ESTAT:RAIL_PA_TYPEPAS(1.0),13/10/23 23:00:00,A,THS_PAS,INTL,DK,2016,12717,
ESTAT:RAIL_PA_TYPEPAS(1.0),13/10/23 23:00:00,A,THS_PAS,INTL,DK,2017,12638,
ESTAT:RAIL_PA_TYPEPAS(1.0),13/10/23 23:00:00,A,THS_PAS,INTL,DK,2018,13096,
ESTAT:RAIL_PA_TYPEPAS(1.0),13/10/23 23:00:00,A,THS_PAS,INTL,DK,2019,13548,
ESTAT:RAIL_PA_TYPEPAS(1.0),13/10/23 23:00:00,A,THS_PAS,INTL,DK,2020,5386,
ESTAT:RAIL_PA_TYPEPAS(1.0),13/10/23 23:00:00,A,THS_PAS,INTL,DK,2021,6446,
ESTAT:RAIL_PA_TYPEPAS(1.0),13/10/23 23:00:00,A,THS_PAS,INTL,EE,2013,122,
ESTAT:RAIL_PA_TYPEPAS(1.0),13/10/23 23:00:00,A,THS_PAS,INTL,EE,2014,97,
ESTAT:RAIL_PA_TYPEPAS(1.0),13/10/23 23:00:00,A,THS_PAS,INTL,EE,2015,55,
ESTAT:RAIL_PA_TYPEPAS(1.0),13/10/23 23:00:00,A,THS_PAS,INTL,EE,2016,103,
ESTAT:RAIL_PA_TYPEPAS(1.0),13/10/23 23:00:00,A,THS_PAS,INTL,EE,2017,107,
ESTAT:RAIL_PA_TYPEPAS(1.0),13/10/23 23:00:00,A,THS_PAS,INTL,EE,2018,107,
ESTAT:RAIL_PA_TYPEPAS(1.0),13/10/23 23:00:00,A,THS_PAS,INTL,EE,2019,112,
ESTAT:RAIL_PA_TYPEPAS(1.0),13/10/23 23:00:00,A,THS_PAS,INTL,EE,2020,8,
ESTAT:RAIL_PA_TYPEPAS(1.0),13/10/23 23:00:00,A,THS_PAS,INTL,EE,2021,0,
ESTAT:RAIL_PA_TYPEPAS(1.0),13/10/23 23:00:00,A,THS_PAS,INTL,EE,2022,0,
ESTAT:RAIL_PA_TYPEPAS(1.0),13/10/23 23:00:00,A,THS_PAS,INTL,EL,2013,5,
ESTAT:RAIL_PA_TYPEPAS(1.0),13/10/23 23:00:00,A,THS_PAS,INTL,EL,2014,43,
ESTAT:RAIL_PA_TYPEPAS(1.0),13/10/23 23:00:00,A,THS_PAS,INTL,EL,2015,32,
ESTAT:RAIL_PA_TYPEPAS(1.0),13/10/23 23:00:00,A,THS_PAS,INTL,EL,2016,21,
ESTAT:RAIL_PA_TYPEPAS(1.0),13/10/23 23:00:00,A,THS_PAS,INTL,EL,2017,22,
ESTAT:RAIL_PA_TYPEPAS(1.0),13/10/23 23:00:00,A,THS_PAS,INTL,EL,2018,17,
ESTAT:RAIL_PA_TYPEPAS(1.0),13/10/23 23:00:00,A,THS_PAS,INTL,EL,2019,8,
ESTAT:RAIL_PA_TYPEPAS(1.0),13/10/23 23:00:00,A,THS_PAS,INTL,EL,2020,0,
ESTAT:RAIL_PA_TYPEPAS(1.0),13/10/23 23:00:00,A,THS_PAS,INTL,EL,2021,0,
ESTAT:RAIL_PA_TYPEPAS(1.0),13/10/23 23:00:00,A,THS_PAS,INTL,EL,2022,0,
ESTAT:RAIL_PA_TYPEPAS(1.0),13/10/23 23:00:00,A,THS_PAS,INTL,ES,2013,386,
ESTAT:RAIL_PA_TYPEPAS(1.0),13/10/23 23:00:00,A,THS_PAS,INTL,ES,2014,1019,
ESTAT:RAIL_PA_TYPEPAS(1.0),13/10/23 23:00:00,A,THS_PAS,INTL,ES,2015,1039,
ESTAT:RAIL_PA_TYPEPAS(1.0),13/10/23 23:00:00,A,THS_PAS,INTL,ES,2016,1065,
ESTAT:RAIL_PA_TYPEPAS(1.0),13/10/23 23:00:00,A,THS_PAS,INTL,ES,2017,1070,
ESTAT:RAIL_PA_TYPEPAS(1.0),13/10/23 23:00:00,A,THS_PAS,INTL,ES,2018,1029,
ESTAT:RAIL_PA_TYPEPAS(1.0),13/10/23 23:00:00,A,THS_PAS,INTL,ES,2019,1060,
ESTAT:RAIL_PA_TYPEPAS(1.0),13/10/23 23:00:00,A,THS_PAS,INTL,ES,2020,278,
ESTAT:RAIL_PA_TYPEPAS(1.0),13/10/23 23:00:00,A,THS_PAS,INTL,ES,2021,389,
ESTAT:RAIL_PA_TYPEPAS(1.0),13/10/23 23:00:00,A,THS_PAS,INTL,ES,2022,803,
ESTAT:RAIL_PA_TYPEPAS(1.0),13/10/23 23:00:00,A,THS_PAS,INTL,FI,2013,598,
ESTAT:RAIL_PA_TYPEPAS(1.0),13/10/23 23:00:00,A,THS_PAS,INTL,FI,2014,518,
ESTAT:RAIL_PA_TYPEPAS(1.0),13/10/23 23:00:00,A,THS_PAS,INTL,FI,2015,428,
ESTAT:RAIL_PA_TYPEPAS(1.0),13/10/23 23:00:00,A,THS_PAS,INTL,FI,2016,452,
ESTAT:RAIL_PA_TYPEPAS(1.0),13/10/23 23:00:00,A,THS_PAS,INTL,FI,2017,548,
ESTAT:RAIL_PA_TYPEPAS(1.0),13/10/23 23:00:00,A,THS_PAS,INTL,FI,2018,552,
ESTAT:RAIL_PA_TYPEPAS(1.0),13/10/23 23:00:00,A,THS_PAS,INTL,FI,2019,639,
ESTAT:RAIL_PA_TYPEPAS(1.0),13/10/23 23:00:00,A,THS_PAS,INTL,FI,2020,118,
ESTAT:RAIL_PA_TYPEPAS(1.0),13/10/23 23:00:00,A,THS_PAS,INTL,FI,2021,4,
ESTAT:RAIL_PA_TYPEPAS(1.0),13/10/23 23:00:00,A,THS_PAS,INTL,FI,2022,31,
ESTAT:RAIL_PA_TYPEPAS(1.0),13/10/23 23:00:00,A,THS_PAS,INTL,FR,2013,42557,
ESTAT:RAIL_PA_TYPEPAS(1.0),13/10/23 23:00:00,A,THS_PAS,INTL,FR,2014,42994,
ESTAT:RAIL_PA_TYPEPAS(1.0),13/10/23 23:00:00,A,THS_PAS,INTL,FR,2015,40520,
ESTAT:RAIL_PA_TYPEPAS(1.0),13/10/23 23:00:00,A,THS_PAS,INTL,FR,2016,38073,
ESTAT:RAIL_PA_TYPEPAS(1.0),13/10/23 23:00:00,A,THS_PAS,INTL,FR,2017,39123,
ESTAT:RAIL_PA_TYPEPAS(1.0),13/10/23 23:00:00,A,THS_PAS,INTL,FR,2018,39376,
ESTAT:RAIL_PA_TYPEPAS(1.0),13/10/23 23:00:00,A,THS_PAS,INTL,FR,2019,39833,
ESTAT:RAIL_PA_TYPEPAS(1.0),13/10/23 23:00:00,A,THS_PAS,INTL,FR,2020,16478,
ESTAT:RAIL_PA_TYPEPAS(1.0),13/10/23 23:00:00,A,THS_PAS,INTL,FR,2021,16641,
ESTAT:RAIL_PA_TYPEPAS(1.0),13/10/23 23:00:00,A,THS_PAS,INTL,FR,2022,29305,
ESTAT:RAIL_PA_TYPEPAS(1.0),13/10/23 23:00:00,A,THS_PAS,INTL,HR,2013,406,
ESTAT:RAIL_PA_TYPEPAS(1.0),13/10/23 23:00:00,A,THS_PAS,INTL,HR,2014,361,
ESTAT:RAIL_PA_TYPEPAS(1.0),13/10/23 23:00:00,A,THS_PAS,INTL,HR,2015,318,
ESTAT:RAIL_PA_TYPEPAS(1.0),13/10/23 23:00:00,A,THS_PAS,INTL,HR,2016,298,
ESTAT:RAIL_PA_TYPEPAS(1.0),13/10/23 23:00:00,A,THS_PAS,INTL,HR,2017,290,
ESTAT:RAIL_PA_TYPEPAS(1.0),13/10/23 23:00:00,A,THS_PAS,INTL,HR,2018,301,
ESTAT:RAIL_PA_TYPEPAS(1.0),13/10/23 23:00:00,A,THS_PAS,INTL,HR,2019,302,
ESTAT:RAIL_PA_TYPEPAS(1.0),13/10/23 23:00:00,A,THS_PAS,INTL,HR,2020,137,
ESTAT:RAIL_PA_TYPEPAS(1.0),13/10/23 23:00:00,A,THS_PAS,INTL,HR,2021,212,
ESTAT:RAIL_PA_TYPEPAS(1.0),13/10/23 23:00:00,A,THS_PAS,INTL,HR,2022,354,
ESTAT:RAIL_PA_TYPEPAS(1.0),13/10/23 23:00:00,A,THS_PAS,INTL,HU,2013,2804,
ESTAT:RAIL_PA_TYPEPAS(1.0),13/10/23 23:00:00,A,THS_PAS,INTL,HU,2014,2603,
ESTAT:RAIL_PA_TYPEPAS(1.0),13/10/23 23:00:00,A,THS_PAS,INTL,HU,2015,,c
ESTAT:RAIL_PA_TYPEPAS(1.0),13/10/23 23:00:00,A,THS_PAS,INTL,HU,2016,,c
ESTAT:RAIL_PA_TYPEPAS(1.0),13/10/23 23:00:00,A,THS_PAS,INTL,HU,2017,,c
ESTAT:RAIL_PA_TYPEPAS(1.0),13/10/23 23:00:00,A,THS_PAS,INTL,HU,2018,,c
ESTAT:RAIL_PA_TYPEPAS(1.0),13/10/23 23:00:00,A,THS_PAS,INTL,HU,2019,,c
ESTAT:RAIL_PA_TYPEPAS(1.0),13/10/23 23:00:00,A,THS_PAS,INTL,HU,2020,,c
ESTAT:RAIL_PA_TYPEPAS(1.0),13/10/23 23:00:00,A,THS_PAS,INTL,HU,2021,,c
ESTAT:RAIL_PA_TYPEPAS(1.0),13/10/23 23:00:00,A,THS_PAS,INTL,HU,2022,,c
ESTAT:RAIL_PA_TYPEPAS(1.0),13/10/23 23:00:00,A,THS_PAS,INTL,IE,2013,769,
ESTAT:RAIL_PA_TYPEPAS(1.0),13/10/23 23:00:00,A,THS_PAS,INTL,IE,2014,713,
ESTAT:RAIL_PA_TYPEPAS(1.0),13/10/23 23:00:00,A,THS_PAS,INTL,IE,2015,313,
ESTAT:RAIL_PA_TYPEPAS(1.0),13/10/23 23:00:00,A,THS_PAS,INTL,IE,2016,342,
ESTAT:RAIL_PA_TYPEPAS(1.0),13/10/23 23:00:00,A,THS_PAS,INTL,IE,2017,375,
ESTAT:RAIL_PA_TYPEPAS(1.0),13/10/23 23:00:00,A,THS_PAS,INTL,IE,2018,414,
ESTAT:RAIL_PA_TYPEPAS(1.0),13/10/23 23:00:00,A,THS_PAS,INTL,IE,2019,408,
ESTAT:RAIL_PA_TYPEPAS(1.0),13/10/23 23:00:00,A,THS_PAS,INTL,IE,2020,139,
ESTAT:RAIL_PA_TYPEPAS(1.0),13/10/23 23:00:00,A,THS_PAS,INTL,IE,2021,270,
ESTAT:RAIL_PA_TYPEPAS(1.0),13/10/23 23:00:00,A,THS_PAS,INTL,IE,2022,541,
ESTAT:RAIL_PA_TYPEPAS(1.0),13/10/23 23:00:00,A,THS_PAS,INTL,IT,2013,3126,
ESTAT:RAIL_PA_TYPEPAS(1.0),13/10/23 23:00:00,A,THS_PAS,INTL,IT,2014,3145,
ESTAT:RAIL_PA_TYPEPAS(1.0),13/10/23 23:00:00,A,THS_PAS,INTL,IT,2015,3474,
ESTAT:RAIL_PA_TYPEPAS(1.0),13/10/23 23:00:00,A,THS_PAS,INTL,IT,2016,2972,
ESTAT:RAIL_PA_TYPEPAS(1.0),13/10/23 23:00:00,A,THS_PAS,INTL,IT,2017,2676,
ESTAT:RAIL_PA_TYPEPAS(1.0),13/10/23 23:00:00,A,THS_PAS,INTL,IT,2018,2596,
ESTAT:RAIL_PA_TYPEPAS(1.0),13/10/23 23:00:00,A,THS_PAS,INTL,IT,2019,2863,
ESTAT:RAIL_PA_TYPEPAS(1.0),13/10/23 23:00:00,A,THS_PAS,INTL,IT,2020,1023,
ESTAT:RAIL_PA_TYPEPAS(1.0),13/10/23 23:00:00,A,THS_PAS,INTL,IT,2021,1831,
ESTAT:RAIL_PA_TYPEPAS(1.0),13/10/23 23:00:00,A,THS_PAS,INTL,LT,2013,538,
ESTAT:RAIL_PA_TYPEPAS(1.0),13/10/23 23:00:00,A,THS_PAS,INTL,LT,2014,454,
ESTAT:RAIL_PA_TYPEPAS(1.0),13/10/23 23:00:00,A,THS_PAS,INTL,LT,2015,360,
ESTAT:RAIL_PA_TYPEPAS(1.0),13/10/23 23:00:00,A,THS_PAS,INTL,LT,2016,336,
ESTAT:RAIL_PA_TYPEPAS(1.0),13/10/23 23:00:00,A,THS_PAS,INTL,LT,2017,322,
ESTAT:RAIL_PA_TYPEPAS(1.0),13/10/23 23:00:00,A,THS_PAS,INTL,LT,2018,366,
ESTAT:RAIL_PA_TYPEPAS(1.0),13/10/23 23:00:00,A,THS_PAS,INTL,LT,2019,427,
ESTAT:RAIL_PA_TYPEPAS(1.0),13/10/23 23:00:00,A,THS_PAS,INTL,LT,2020,67,
ESTAT:RAIL_PA_TYPEPAS(1.0),13/10/23 23:00:00,A,THS_PAS,INTL,LT,2021,0,
ESTAT:RAIL_PA_TYPEPAS(1.0),13/10/23 23:00:00,A,THS_PAS,INTL,LT,2022,4,
ESTAT:RAIL_PA_TYPEPAS(1.0),13/10/23 23:00:00,A,THS_PAS,INTL,LU,2013,5711,
ESTAT:RAIL_PA_TYPEPAS(1.0),13/10/23 23:00:00,A,THS_PAS,INTL,LU,2014,6037,
ESTAT:RAIL_PA_TYPEPAS(1.0),13/10/23 23:00:00,A,THS_PAS,INTL,LU,2015,6363,
ESTAT:RAIL_PA_TYPEPAS(1.0),13/10/23 23:00:00,A,THS_PAS,INTL,LU,2016,6378,
ESTAT:RAIL_PA_TYPEPAS(1.0),13/10/23 23:00:00,A,THS_PAS,INTL,LU,2017,6407,
ESTAT:RAIL_PA_TYPEPAS(1.0),13/10/23 23:00:00,A,THS_PAS,INTL,LU,2018,6176,
ESTAT:RAIL_PA_TYPEPAS(1.0),13/10/23 23:00:00,A,THS_PAS,INTL,LU,2019,7204,
ESTAT:RAIL_PA_TYPEPAS(1.0),13/10/23 23:00:00,A,THS_PAS,INTL,LU,2020,3968,
ESTAT:RAIL_PA_TYPEPAS(1.0),13/10/23 23:00:00,A,THS_PAS,INTL,LU,2021,4179,
ESTAT:RAIL_PA_TYPEPAS(1.0),13/10/23 23:00:00,A,THS_PAS,INTL,LU,2022,6122,
ESTAT:RAIL_PA_TYPEPAS(1.0),13/10/23 23:00:00,A,THS_PAS,INTL,LV,2013,310,
ESTAT:RAIL_PA_TYPEPAS(1.0),13/10/23 23:00:00,A,THS_PAS,INTL,LV,2014,252,
ESTAT:RAIL_PA_TYPEPAS(1.0),13/10/23 23:00:00,A,THS_PAS,INTL,LV,2015,179,
ESTAT:RAIL_PA_TYPEPAS(1.0),13/10/23 23:00:00,A,THS_PAS,INTL,LV,2016,157,
ESTAT:RAIL_PA_TYPEPAS(1.0),13/10/23 23:00:00,A,THS_PAS,INTL,LV,2017,167,
ESTAT:RAIL_PA_TYPEPAS(1.0),13/10/23 23:00:00,A,THS_PAS,INTL,LV,2018,166,
ESTAT:RAIL_PA_TYPEPAS(1.0),13/10/23 23:00:00,A,THS_PAS,INTL,LV,2019,180,
ESTAT:RAIL_PA_TYPEPAS(1.0),13/10/23 23:00:00,A,THS_PAS,INTL,LV,2020,26,
ESTAT:RAIL_PA_TYPEPAS(1.0),13/10/23 23:00:00,A,THS_PAS,INTL,LV,2021,5,
ESTAT:RAIL_PA_TYPEPAS(1.0),13/10/23 23:00:00,A,THS_PAS,INTL,LV,2022,15,
ESTAT:RAIL_PA_TYPEPAS(1.0),13/10/23 23:00:00,A,THS_PAS,INTL,NL,2013,,c
ESTAT:RAIL_PA_TYPEPAS(1.0),13/10/23 23:00:00,A,THS_PAS,INTL,NL,2014,,c
ESTAT:RAIL_PA_TYPEPAS(1.0),13/10/23 23:00:00,A,THS_PAS,INTL,NL,2015,,c
ESTAT:RAIL_PA_TYPEPAS(1.0),13/10/23 23:00:00,A,THS_PAS,INTL,NL,2016,,c
ESTAT:RAIL_PA_TYPEPAS(1.0),13/10/23 23:00:00,A,THS_PAS,INTL,NL,2017,,c
ESTAT:RAIL_PA_TYPEPAS(1.0),13/10/23 23:00:00,A,THS_PAS,INTL,NL,2018,,c
ESTAT:RAIL_PA_TYPEPAS(1.0),13/10/23 23:00:00,A,THS_PAS,INTL,NL,2019,,c
ESTAT:RAIL_PA_TYPEPAS(1.0),13/10/23 23:00:00,A,THS_PAS,INTL,NL,2020,,c
ESTAT:RAIL_PA_TYPEPAS(1.0),13/10/23 23:00:00,A,THS_PAS,INTL,NL,2021,,c
ESTAT:RAIL_PA_TYPEPAS(1.0),13/10/23 23:00:00,A,THS_PAS,INTL,NL,2022,,c
ESTAT:RAIL_PA_TYPEPAS(1.0),13/10/23 23:00:00,A,THS_PAS,INTL,PL,2013,1842,
ESTAT:RAIL_PA_TYPEPAS(1.0),13/10/23 23:00:00,A,THS_PAS,INTL,PL,2014,1426,
ESTAT:RAIL_PA_TYPEPAS(1.0),13/10/23 23:00:00,A,THS_PAS,INTL,PL,2015,1144,
ESTAT:RAIL_PA_TYPEPAS(1.0),13/10/23 23:00:00,A,THS_PAS,INTL,PL,2016,1143,
ESTAT:RAIL_PA_TYPEPAS(1.0),13/10/23 23:00:00,A,THS_PAS,INTL,PL,2017,1548,
ESTAT:RAIL_PA_TYPEPAS(1.0),13/10/23 23:00:00,A,THS_PAS,INTL,PL,2018,1823,
ESTAT:RAIL_PA_TYPEPAS(1.0),13/10/23 23:00:00,A,THS_PAS,INTL,PL,2019,,c
ESTAT:RAIL_PA_TYPEPAS(1.0),13/10/23 23:00:00,A,THS_PAS,INTL,PL,2020,,c
ESTAT:RAIL_PA_TYPEPAS(1.0),13/10/23 23:00:00,A,THS_PAS,INTL,PL,2021,,c
ESTAT:RAIL_PA_TYPEPAS(1.0),13/10/23 23:00:00,A,THS_PAS,INTL,PL,2022,2371,
ESTAT:RAIL_PA_TYPEPAS(1.0),13/10/23 23:00:00,A,THS_PAS,INTL,PT,2013,134,
ESTAT:RAIL_PA_TYPEPAS(1.0),13/10/23 23:00:00,A,THS_PAS,INTL,PT,2014,156,
ESTAT:RAIL_PA_TYPEPAS(1.0),13/10/23 23:00:00,A,THS_PAS,INTL,PT,2015,226,
ESTAT:RAIL_PA_TYPEPAS(1.0),13/10/23 23:00:00,A,THS_PAS,INTL,PT,2016,234,
ESTAT:RAIL_PA_TYPEPAS(1.0),13/10/23 23:00:00,A,THS_PAS,INTL,PT,2017,251,
ESTAT:RAIL_PA_TYPEPAS(1.0),13/10/23 23:00:00,A,THS_PAS,INTL,PT,2018,173,
ESTAT:RAIL_PA_TYPEPAS(1.0),13/10/23 23:00:00,A,THS_PAS,INTL,PT,2019,178,
ESTAT:RAIL_PA_TYPEPAS(1.0),13/10/23 23:00:00,A,THS_PAS,INTL,PT,2020,24,
ESTAT:RAIL_PA_TYPEPAS(1.0),13/10/23 23:00:00,A,THS_PAS,INTL,PT,2021,26,
ESTAT:RAIL_PA_TYPEPAS(1.0),13/10/23 23:00:00,A,THS_PAS,INTL,PT,2022,111,
ESTAT:RAIL_PA_TYPEPAS(1.0),13/10/23 23:00:00,A,THS_PAS,INTL,RO,2013,233,
ESTAT:RAIL_PA_TYPEPAS(1.0),13/10/23 23:00:00,A,THS_PAS,INTL,RO,2014,225,
ESTAT:RAIL_PA_TYPEPAS(1.0),13/10/23 23:00:00,A,THS_PAS,INTL,RO,2015,217,
ESTAT:RAIL_PA_TYPEPAS(1.0),13/10/23 23:00:00,A,THS_PAS,INTL,RO,2016,203,
ESTAT:RAIL_PA_TYPEPAS(1.0),13/10/23 23:00:00,A,THS_PAS,INTL,RO,2017,188,
ESTAT:RAIL_PA_TYPEPAS(1.0),13/10/23 23:00:00,A,THS_PAS,INTL,RO,2018,176,
ESTAT:RAIL_PA_TYPEPAS(1.0),13/10/23 23:00:00,A,THS_PAS,INTL,RO,2019,204,
ESTAT:RAIL_PA_TYPEPAS(1.0),13/10/23 23:00:00,A,THS_PAS,INTL,RO,2020,78,
ESTAT:RAIL_PA_TYPEPAS(1.0),13/10/23 23:00:00,A,THS_PAS,INTL,RO,2021,102,
ESTAT:RAIL_PA_TYPEPAS(1.0),13/10/23 23:00:00,A,THS_PAS,INTL,RO,2022,302,
ESTAT:RAIL_PA_TYPEPAS(1.0),13/10/23 23:00:00,A,THS_PAS,INTL,SE,2013,12256,
ESTAT:RAIL_PA_TYPEPAS(1.0),13/10/23 23:00:00,A,THS_PAS,INTL,SE,2014,12258,
ESTAT:RAIL_PA_TYPEPAS(1.0),13/10/23 23:00:00,A,THS_PAS,INTL,SE,2015,12689,
ESTAT:RAIL_PA_TYPEPAS(1.0),13/10/23 23:00:00,A,THS_PAS,INTL,SE,2016,12001,
ESTAT:RAIL_PA_TYPEPAS(1.0),13/10/23 23:00:00,A,THS_PAS,INTL,SE,2017,12149,
ESTAT:RAIL_PA_TYPEPAS(1.0),13/10/23 23:00:00,A,THS_PAS,INTL,SE,2018,11160,
ESTAT:RAIL_PA_TYPEPAS(1.0),13/10/23 23:00:00,A,THS_PAS,INTL,SE,2019,12472,
ESTAT:RAIL_PA_TYPEPAS(1.0),13/10/23 23:00:00,A,THS_PAS,INTL,SE,2020,4782,
ESTAT:RAIL_PA_TYPEPAS(1.0),13/10/23 23:00:00,A,THS_PAS,INTL,SE,2021,5564,
ESTAT:RAIL_PA_TYPEPAS(1.0),13/10/23 23:00:00,A,THS_PAS,INTL,SE,2022,,c
ESTAT:RAIL_PA_TYPEPAS(1.0),13/10/23 23:00:00,A,THS_PAS,INTL,SI,2013,432,
ESTAT:RAIL_PA_TYPEPAS(1.0),13/10/23 23:00:00,A,THS_PAS,INTL,SI,2014,381,
ESTAT:RAIL_PA_TYPEPAS(1.0),13/10/23 23:00:00,A,THS_PAS,INTL,SI,2015,343,
ESTAT:RAIL_PA_TYPEPAS(1.0),13/10/23 23:00:00,A,THS_PAS,INTL,SI,2016,419,
ESTAT:RAIL_PA_TYPEPAS(1.0),13/10/23 23:00:00,A,THS_PAS,INTL,SI,2017,410,
ESTAT:RAIL_PA_TYPEPAS(1.0),13/10/23 23:00:00,A,THS_PAS,INTL,SI,2018,428,
ESTAT:RAIL_PA_TYPEPAS(1.0),13/10/23 23:00:00,A,THS_PAS,INTL,SI,2019,423,
ESTAT:RAIL_PA_TYPEPAS(1.0),13/10/23 23:00:00,A,THS_PAS,INTL,SI,2020,139,
ESTAT:RAIL_PA_TYPEPAS(1.0),13/10/23 23:00:00,A,THS_PAS,INTL,SI,2021,144,
ESTAT:RAIL_PA_TYPEPAS(1.0),13/10/23 23:00:00,A,THS_PAS,INTL,SI,2022,366,
ESTAT:RAIL_PA_TYPEPAS(1.0),13/10/23 23:00:00,A,THS_PAS,INTL,SK,2013,3339,
ESTAT:RAIL_PA_TYPEPAS(1.0),13/10/23 23:00:00,A,THS_PAS,INTL,SK,2014,3392,
ESTAT:RAIL_PA_TYPEPAS(1.0),13/10/23 23:00:00,A,THS_PAS,INTL,SK,2015,3301,
ESTAT:RAIL_PA_TYPEPAS(1.0),13/10/23 23:00:00,A,THS_PAS,INTL,SK,2016,3343,
ESTAT:RAIL_PA_TYPEPAS(1.0),13/10/23 23:00:00,A,THS_PAS,INTL,SK,2017,3442,
ESTAT:RAIL_PA_TYPEPAS(1.0),13/10/23 23:00:00,A,THS_PAS,INTL,SK,2018,3885,
ESTAT:RAIL_PA_TYPEPAS(1.0),13/10/23 23:00:00,A,THS_PAS,INTL,SK,2019,4184,
ESTAT:RAIL_PA_TYPEPAS(1.0),13/10/23 23:00:00,A,THS_PAS,INTL,SK,2020,1441,
ESTAT:RAIL_PA_TYPEPAS(1.0),13/10/23 23:00:00,A,THS_PAS,INTL,SK,2021,2288,
ESTAT:RAIL_PA_TYPEPAS(1.0),13/10/23 23:00:00,A,THS_PAS,INTL,SK,2022,4566
