DATAFLOW,LAST UPDATE,freq,unit,geo,TIME_PERIOD,OBS_VALUE,OBS_FLAG
ESTAT:RAIL_PA_TOTAL(1.0),06/09/23 23:00:00,A,THS_PAS,AT,2013,271888,
ESTAT:RAIL_PA_TOTAL(1.0),06/09/23 23:00:00,A,THS_PAS,AT,2014,270913,
ESTAT:RAIL_PA_TOTAL(1.0),06/09/23 23:00:00,A,THS_PAS,AT,2015,280060,
ESTAT:RAIL_PA_TOTAL(1.0),06/09/23 23:00:00,A,THS_PAS,AT,2016,286990,
ESTAT:RAIL_PA_TOTAL(1.0),06/09/23 23:00:00,A,THS_PAS,AT,2017,288503,
ESTAT:RAIL_PA_TOTAL(1.0),06/09/23 23:00:00,A,THS_PAS,AT,2018,307647,
ESTAT:RAIL_PA_TOTAL(1.0),06/09/23 23:00:00,A,THS_PAS,AT,2019,314892,
ESTAT:RAIL_PA_TOTAL(1.0),06/09/23 23:00:00,A,THS_PAS,AT,2020,191272,
ESTAT:RAIL_PA_TOTAL(1.0),06/09/23 23:00:00,A,THS_PAS,AT,2021,217501,
ESTAT:RAIL_PA_TOTAL(1.0),06/09/23 23:00:00,A,THS_PAS,AT,2022,292479,
ESTAT:RAIL_PA_TOTAL(1.0),06/09/23 23:00:00,A,THS_PAS,BA,2014,528,
ESTAT:RAIL_PA_TOTAL(1.0),06/09/23 23:00:00,A,THS_PAS,BA,2015,512,
ESTAT:RAIL_PA_TOTAL(1.0),06/09/23 23:00:00,A,THS_PAS,BA,2016,418,
ESTAT:RAIL_PA_TOTAL(1.0),06/09/23 23:00:00,A,THS_PAS,BA,2017,472,
ESTAT:RAIL_PA_TOTAL(1.0),06/09/23 23:00:00,A,THS_PAS,BA,2018,549,
ESTAT:RAIL_PA_TOTAL(1.0),06/09/23 23:00:00,A,THS_PAS,BA,2019,657,
ESTAT:RAIL_PA_TOTAL(1.0),06/09/23 23:00:00,A,THS_PAS,BA,2020,181,
ESTAT:RAIL_PA_TOTAL(1.0),06/09/23 23:00:00,A,THS_PAS,BA,2021,250,
ESTAT:RAIL_PA_TOTAL(1.0),06/09/23 23:00:00,A,THS_PAS,BA,2022,442,
ESTAT:RAIL_PA_TOTAL(1.0),06/09/23 23:00:00,A,THS_PAS,BE,2013,,c
ESTAT:RAIL_PA_TOTAL(1.0),06/09/23 23:00:00,A,THS_PAS,BE,2014,,c
ESTAT:RAIL_PA_TOTAL(1.0),06/09/23 23:00:00,A,THS_PAS,BE,2015,,c
ESTAT:RAIL_PA_TOTAL(1.0),06/09/23 23:00:00,A,THS_PAS,BE,2016,,c
ESTAT:RAIL_PA_TOTAL(1.0),06/09/23 23:00:00,A,THS_PAS,BE,2017,,c
ESTAT:RAIL_PA_TOTAL(1.0),06/09/23 23:00:00,A,THS_PAS,BE,2018,,c
ESTAT:RAIL_PA_TOTAL(1.0),06/09/23 23:00:00,A,THS_PAS,BE,2019,,c
ESTAT:RAIL_PA_TOTAL(1.0),06/09/23 23:00:00,A,THS_PAS,BE,2020,,c
ESTAT:RAIL_PA_TOTAL(1.0),06/09/23 23:00:00,A,THS_PAS,BE,2021,,c
ESTAT:RAIL_PA_TOTAL(1.0),06/09/23 23:00:00,A,THS_PAS,BE,2022,,c
ESTAT:RAIL_PA_TOTAL(1.0),06/09/23 23:00:00,A,THS_PAS,BG,2013,26059,
ESTAT:RAIL_PA_TOTAL(1.0),06/09/23 23:00:00,A,THS_PAS,BG,2014,24615,
ESTAT:RAIL_PA_TOTAL(1.0),06/09/23 23:00:00,A,THS_PAS,BG,2015,22518,
ESTAT:RAIL_PA_TOTAL(1.0),06/09/23 23:00:00,A,THS_PAS,BG,2016,21425,
ESTAT:RAIL_PA_TOTAL(1.0),06/09/23 23:00:00,A,THS_PAS,BG,2017,21195,
ESTAT:RAIL_PA_TOTAL(1.0),06/09/23 23:00:00,A,THS_PAS,BG,2018,21329,
ESTAT:RAIL_PA_TOTAL(1.0),06/09/23 23:00:00,A,THS_PAS,BG,2019,21329,
ESTAT:RAIL_PA_TOTAL(1.0),06/09/23 23:00:00,A,THS_PAS,BG,2020,16808,
ESTAT:RAIL_PA_TOTAL(1.0),06/09/23 23:00:00,A,THS_PAS,BG,2021,17142,
ESTAT:RAIL_PA_TOTAL(1.0),06/09/23 23:00:00,A,THS_PAS,BG,2022,23065,
ESTAT:RAIL_PA_TOTAL(1.0),06/09/23 23:00:00,A,THS_PAS,CH,2013,540352,
ESTAT:RAIL_PA_TOTAL(1.0),06/09/23 23:00:00,A,THS_PAS,CH,2014,567049,
ESTAT:RAIL_PA_TOTAL(1.0),06/09/23 23:00:00,A,THS_PAS,CH,2015,582889,
ESTAT:RAIL_PA_TOTAL(1.0),06/09/23 23:00:00,A,THS_PAS,CH,2016,602659,
ESTAT:RAIL_PA_TOTAL(1.0),06/09/23 23:00:00,A,THS_PAS,CH,2017,607941,
ESTAT:RAIL_PA_TOTAL(1.0),06/09/23 23:00:00,A,THS_PAS,CH,2018,607567,
ESTAT:RAIL_PA_TOTAL(1.0),06/09/23 23:00:00,A,THS_PAS,CH,2019,635595,
ESTAT:RAIL_PA_TOTAL(1.0),06/09/23 23:00:00,A,THS_PAS,CH,2020,402610,
ESTAT:RAIL_PA_TOTAL(1.0),06/09/23 23:00:00,A,THS_PAS,CH,2021,420912,
ESTAT:RAIL_PA_TOTAL(1.0),06/09/23 23:00:00,A,THS_PAS,CZ,2013,174189,
ESTAT:RAIL_PA_TOTAL(1.0),06/09/23 23:00:00,A,THS_PAS,CZ,2014,175705,
ESTAT:RAIL_PA_TOTAL(1.0),06/09/23 23:00:00,A,THS_PAS,CZ,2015,176146,
ESTAT:RAIL_PA_TOTAL(1.0),06/09/23 23:00:00,A,THS_PAS,CZ,2016,178766,
ESTAT:RAIL_PA_TOTAL(1.0),06/09/23 23:00:00,A,THS_PAS,CZ,2017,182724,
ESTAT:RAIL_PA_TOTAL(1.0),06/09/23 23:00:00,A,THS_PAS,CZ,2018,189288,
ESTAT:RAIL_PA_TOTAL(1.0),06/09/23 23:00:00,A,THS_PAS,CZ,2019,193569,
ESTAT:RAIL_PA_TOTAL(1.0),06/09/23 23:00:00,A,THS_PAS,CZ,2020,129308,
ESTAT:RAIL_PA_TOTAL(1.0),06/09/23 23:00:00,A,THS_PAS,CZ,2021,135083,
ESTAT:RAIL_PA_TOTAL(1.0),06/09/23 23:00:00,A,THS_PAS,CZ,2022,174327,
ESTAT:RAIL_PA_TOTAL(1.0),06/09/23 23:00:00,A,THS_PAS,DE,2013,2612764,
ESTAT:RAIL_PA_TOTAL(1.0),06/09/23 23:00:00,A,THS_PAS,DE,2014,2693080,
ESTAT:RAIL_PA_TOTAL(1.0),06/09/23 23:00:00,A,THS_PAS,DE,2015,2684908,
ESTAT:RAIL_PA_TOTAL(1.0),06/09/23 23:00:00,A,THS_PAS,DE,2016,2813782,
ESTAT:RAIL_PA_TOTAL(1.0),06/09/23 23:00:00,A,THS_PAS,DE,2017,2831443,
ESTAT:RAIL_PA_TOTAL(1.0),06/09/23 23:00:00,A,THS_PAS,DE,2018,2880558,
ESTAT:RAIL_PA_TOTAL(1.0),06/09/23 23:00:00,A,THS_PAS,DE,2019,2938023,
ESTAT:RAIL_PA_TOTAL(1.0),06/09/23 23:00:00,A,THS_PAS,DE,2020,1752198,
ESTAT:RAIL_PA_TOTAL(1.0),06/09/23 23:00:00,A,THS_PAS,DE,2021,1761388,
ESTAT:RAIL_PA_TOTAL(1.0),06/09/23 23:00:00,A,THS_PAS,DK,2013,206160,
ESTAT:RAIL_PA_TOTAL(1.0),06/09/23 23:00:00,A,THS_PAS,DK,2014,208311,
ESTAT:RAIL_PA_TOTAL(1.0),06/09/23 23:00:00,A,THS_PAS,DK,2015,212253,
ESTAT:RAIL_PA_TOTAL(1.0),06/09/23 23:00:00,A,THS_PAS,DK,2016,211399,
ESTAT:RAIL_PA_TOTAL(1.0),06/09/23 23:00:00,A,THS_PAS,DK,2017,206566,
ESTAT:RAIL_PA_TOTAL(1.0),06/09/23 23:00:00,A,THS_PAS,DK,2018,205307,
ESTAT:RAIL_PA_TOTAL(1.0),06/09/23 23:00:00,A,THS_PAS,DK,2019,206601,
ESTAT:RAIL_PA_TOTAL(1.0),06/09/23 23:00:00,A,THS_PAS,DK,2020,133900,
ESTAT:RAIL_PA_TOTAL(1.0),06/09/23 23:00:00,A,THS_PAS,DK,2021,134076,
ESTAT:RAIL_PA_TOTAL(1.0),06/09/23 23:00:00,A,THS_PAS,EE,2013,4199,
ESTAT:RAIL_PA_TOTAL(1.0),06/09/23 23:00:00,A,THS_PAS,EE,2014,5905,
ESTAT:RAIL_PA_TOTAL(1.0),06/09/23 23:00:00,A,THS_PAS,EE,2015,6659,
ESTAT:RAIL_PA_TOTAL(1.0),06/09/23 23:00:00,A,THS_PAS,EE,2016,6926,
ESTAT:RAIL_PA_TOTAL(1.0),06/09/23 23:00:00,A,THS_PAS,EE,2017,7433,
ESTAT:RAIL_PA_TOTAL(1.0),06/09/23 23:00:00,A,THS_PAS,EE,2018,7759,
ESTAT:RAIL_PA_TOTAL(1.0),06/09/23 23:00:00,A,THS_PAS,EE,2019,8373,
ESTAT:RAIL_PA_TOTAL(1.0),06/09/23 23:00:00,A,THS_PAS,EE,2020,5984,
ESTAT:RAIL_PA_TOTAL(1.0),06/09/23 23:00:00,A,THS_PAS,EE,2021,6077,
ESTAT:RAIL_PA_TOTAL(1.0),06/09/23 23:00:00,A,THS_PAS,EE,2022,7129,
ESTAT:RAIL_PA_TOTAL(1.0),06/09/23 23:00:00,A,THS_PAS,EL,2013,13195,
ESTAT:RAIL_PA_TOTAL(1.0),06/09/23 23:00:00,A,THS_PAS,EL,2014,13399,
ESTAT:RAIL_PA_TOTAL(1.0),06/09/23 23:00:00,A,THS_PAS,EL,2015,16040,
ESTAT:RAIL_PA_TOTAL(1.0),06/09/23 23:00:00,A,THS_PAS,EL,2016,15582,
ESTAT:RAIL_PA_TOTAL(1.0),06/09/23 23:00:00,A,THS_PAS,EL,2017,15359,
ESTAT:RAIL_PA_TOTAL(1.0),06/09/23 23:00:00,A,THS_PAS,EL,2018,16795,
ESTAT:RAIL_PA_TOTAL(1.0),06/09/23 23:00:00,A,THS_PAS,EL,2019,19599,
ESTAT:RAIL_PA_TOTAL(1.0),06/09/23 23:00:00,A,THS_PAS,EL,2020,10220,
ESTAT:RAIL_PA_TOTAL(1.0),06/09/23 23:00:00,A,THS_PAS,EL,2021,10029,
ESTAT:RAIL_PA_TOTAL(1.0),06/09/23 23:00:00,A,THS_PAS,EL,2022,15421,
ESTAT:RAIL_PA_TOTAL(1.0),06/09/23 23:00:00,A,THS_PAS,ES,2013,563269,
ESTAT:RAIL_PA_TOTAL(1.0),06/09/23 23:00:00,A,THS_PAS,ES,2014,563801,
ESTAT:RAIL_PA_TOTAL(1.0),06/09/23 23:00:00,A,THS_PAS,ES,2015,567854,
ESTAT:RAIL_PA_TOTAL(1.0),06/09/23 23:00:00,A,THS_PAS,ES,2016,575572,
ESTAT:RAIL_PA_TOTAL(1.0),06/09/23 23:00:00,A,THS_PAS,ES,2017,600296,
ESTAT:RAIL_PA_TOTAL(1.0),06/09/23 23:00:00,A,THS_PAS,ES,2018,601912,
ESTAT:RAIL_PA_TOTAL(1.0),06/09/23 23:00:00,A,THS_PAS,ES,2019,634954,
ESTAT:RAIL_PA_TOTAL(1.0),06/09/23 23:00:00,A,THS_PAS,ES,2020,333397,
ESTAT:RAIL_PA_TOTAL(1.0),06/09/23 23:00:00,A,THS_PAS,ES,2021,418501,
ESTAT:RAIL_PA_TOTAL(1.0),06/09/23 23:00:00,A,THS_PAS,ES,2022,554154,
ESTAT:RAIL_PA_TOTAL(1.0),06/09/23 23:00:00,A,THS_PAS,FI,2013,69318,
ESTAT:RAIL_PA_TOTAL(1.0),06/09/23 23:00:00,A,THS_PAS,FI,2014,68262,
ESTAT:RAIL_PA_TOTAL(1.0),06/09/23 23:00:00,A,THS_PAS,FI,2015,75952,
ESTAT:RAIL_PA_TOTAL(1.0),06/09/23 23:00:00,A,THS_PAS,FI,2016,82114,
ESTAT:RAIL_PA_TOTAL(1.0),06/09/23 23:00:00,A,THS_PAS,FI,2017,85703,
ESTAT:RAIL_PA_TOTAL(1.0),06/09/23 23:00:00,A,THS_PAS,FI,2018,87502,
ESTAT:RAIL_PA_TOTAL(1.0),06/09/23 23:00:00,A,THS_PAS,FI,2019,92801,
ESTAT:RAIL_PA_TOTAL(1.0),06/09/23 23:00:00,A,THS_PAS,FI,2020,59550,
ESTAT:RAIL_PA_TOTAL(1.0),06/09/23 23:00:00,A,THS_PAS,FI,2021,55009,
ESTAT:RAIL_PA_TOTAL(1.0),06/09/23 23:00:00,A,THS_PAS,FI,2022,76089,
ESTAT:RAIL_PA_TOTAL(1.0),06/09/23 23:00:00,A,THS_PAS,FR,2013,1164822,
ESTAT:RAIL_PA_TOTAL(1.0),06/09/23 23:00:00,A,THS_PAS,FR,2014,1157679,
ESTAT:RAIL_PA_TOTAL(1.0),06/09/23 23:00:00,A,THS_PAS,FR,2015,1204201,
ESTAT:RAIL_PA_TOTAL(1.0),06/09/23 23:00:00,A,THS_PAS,FR,2016,1234996,
ESTAT:RAIL_PA_TOTAL(1.0),06/09/23 23:00:00,A,THS_PAS,FR,2017,1277193,
ESTAT:RAIL_PA_TOTAL(1.0),06/09/23 23:00:00,A,THS_PAS,FR,2018,1246608,
ESTAT:RAIL_PA_TOTAL(1.0),06/09/23 23:00:00,A,THS_PAS,FR,2019,1265330,
ESTAT:RAIL_PA_TOTAL(1.0),06/09/23 23:00:00,A,THS_PAS,FR,2020,723852,
ESTAT:RAIL_PA_TOTAL(1.0),06/09/23 23:00:00,A,THS_PAS,FR,2021,894397,
ESTAT:RAIL_PA_TOTAL(1.0),06/09/23 23:00:00,A,THS_PAS,FR,2022,1142410,
ESTAT:RAIL_PA_TOTAL(1.0),06/09/23 23:00:00,A,THS_PAS,HR,2013,24216,
ESTAT:RAIL_PA_TOTAL(1.0),06/09/23 23:00:00,A,THS_PAS,HR,2014,21889,
ESTAT:RAIL_PA_TOTAL(1.0),06/09/23 23:00:00,A,THS_PAS,HR,2015,21649,
ESTAT:RAIL_PA_TOTAL(1.0),06/09/23 23:00:00,A,THS_PAS,HR,2016,20709,
ESTAT:RAIL_PA_TOTAL(1.0),06/09/23 23:00:00,A,THS_PAS,HR,2017,19803,
ESTAT:RAIL_PA_TOTAL(1.0),06/09/23 23:00:00,A,THS_PAS,HR,2018,20244,
ESTAT:RAIL_PA_TOTAL(1.0),06/09/23 23:00:00,A,THS_PAS,HR,2019,19827,
ESTAT:RAIL_PA_TOTAL(1.0),06/09/23 23:00:00,A,THS_PAS,HR,2020,13100,
ESTAT:RAIL_PA_TOTAL(1.0),06/09/23 23:00:00,A,THS_PAS,HR,2021,13534,
ESTAT:RAIL_PA_TOTAL(1.0),06/09/23 23:00:00,A,THS_PAS,HR,2022,18581,
ESTAT:RAIL_PA_TOTAL(1.0),06/09/23 23:00:00,A,THS_PAS,HU,2013,148379,
ESTAT:RAIL_PA_TOTAL(1.0),06/09/23 23:00:00,A,THS_PAS,HU,2014,146010,
ESTAT:RAIL_PA_TOTAL(1.0),06/09/23 23:00:00,A,THS_PAS,HU,2015,,c
ESTAT:RAIL_PA_TOTAL(1.0),06/09/23 23:00:00,A,THS_PAS,HU,2016,,c
ESTAT:RAIL_PA_TOTAL(1.0),06/09/23 23:00:00,A,THS_PAS,HU,2017,,c
ESTAT:RAIL_PA_TOTAL(1.0),06/09/23 23:00:00,A,THS_PAS,HU,2018,,c
ESTAT:RAIL_PA_TOTAL(1.0),06/09/23 23:00:00,A,THS_PAS,HU,2019,,c
ESTAT:RAIL_PA_TOTAL(1.0),06/09/23 23:00:00,A,THS_PAS,HU,2020,,c
ESTAT:RAIL_PA_TOTAL(1.0),06/09/23 23:00:00,A,THS_PAS,HU,2021,,c
ESTAT:RAIL_PA_TOTAL(1.0),06/09/23 23:00:00,A,THS_PAS,HU,2022,,c
ESTAT:RAIL_PA_TOTAL(1.0),06/09/23 23:00:00,A,THS_PAS,IE,2013,37130,
ESTAT:RAIL_PA_TOTAL(1.0),06/09/23 23:00:00,A,THS_PAS,IE,2014,38517,
ESTAT:RAIL_PA_TOTAL(1.0),06/09/23 23:00:00,A,THS_PAS,IE,2015,39660,
ESTAT:RAIL_PA_TOTAL(1.0),06/09/23 23:00:00,A,THS_PAS,IE,2016,42820,
ESTAT:RAIL_PA_TOTAL(1.0),06/09/23 23:00:00,A,THS_PAS,IE,2017,45505,
ESTAT:RAIL_PA_TOTAL(1.0),06/09/23 23:00:00,A,THS_PAS,IE,2018,47960,
ESTAT:RAIL_PA_TOTAL(1.0),06/09/23 23:00:00,A,THS_PAS,IE,2019,50060,
ESTAT:RAIL_PA_TOTAL(1.0),06/09/23 23:00:00,A,THS_PAS,IE,2020,17930,
ESTAT:RAIL_PA_TOTAL(1.0),06/09/23 23:00:00,A,THS_PAS,IE,2021,17411,
ESTAT:RAIL_PA_TOTAL(1.0),06/09/23 23:00:00,A,THS_PAS,IE,2022,35845,
ESTAT:RAIL_PA_TOTAL(1.0),06/09/23 23:00:00,A,THS_PAS,IT,2013,854756,
ESTAT:RAIL_PA_TOTAL(1.0),06/09/23 23:00:00,A,THS_PAS,IT,2014,864123,
ESTAT:RAIL_PA_TOTAL(1.0),06/09/23 23:00:00,A,THS_PAS,IT,2015,872623,
ESTAT:RAIL_PA_TOTAL(1.0),06/09/23 23:00:00,A,THS_PAS,IT,2016,869199,
ESTAT:RAIL_PA_TOTAL(1.0),06/09/23 23:00:00,A,THS_PAS,IT,2017,864570,
ESTAT:RAIL_PA_TOTAL(1.0),06/09/23 23:00:00,A,THS_PAS,IT,2018,882243,
ESTAT:RAIL_PA_TOTAL(1.0),06/09/23 23:00:00,A,THS_PAS,IT,2019,898472,
ESTAT:RAIL_PA_TOTAL(1.0),06/09/23 23:00:00,A,THS_PAS,IT,2020,389883,
ESTAT:RAIL_PA_TOTAL(1.0),06/09/23 23:00:00,A,THS_PAS,IT,2021,491782,
ESTAT:RAIL_PA_TOTAL(1.0),06/09/23 23:00:00,A,THS_PAS,LI,2013,96,
ESTAT:RAIL_PA_TOTAL(1.0),06/09/23 23:00:00,A,THS_PAS,LI,2014,97,
ESTAT:RAIL_PA_TOTAL(1.0),06/09/23 23:00:00,A,THS_PAS,LI,2015,950,
ESTAT:RAIL_PA_TOTAL(1.0),06/09/23 23:00:00,A,THS_PAS,LI,2016,936,
ESTAT:RAIL_PA_TOTAL(1.0),06/09/23 23:00:00,A,THS_PAS,LI,2017,855,
ESTAT:RAIL_PA_TOTAL(1.0),06/09/23 23:00:00,A,THS_PAS,LI,2018,940,
ESTAT:RAIL_PA_TOTAL(1.0),06/09/23 23:00:00,A,THS_PAS,LI,2019,1081,
ESTAT:RAIL_PA_TOTAL(1.0),06/09/23 23:00:00,A,THS_PAS,LI,2020,479,
ESTAT:RAIL_PA_TOTAL(1.0),06/09/23 23:00:00,A,THS_PAS,LI,2021,710,
ESTAT:RAIL_PA_TOTAL(1.0),06/09/23 23:00:00,A,THS_PAS,LI,2022,1601,
ESTAT:RAIL_PA_TOTAL(1.0),06/09/23 23:00:00,A,THS_PAS,LT,2013,4346,
ESTAT:RAIL_PA_TOTAL(1.0),06/09/23 23:00:00,A,THS_PAS,LT,2014,4126,
ESTAT:RAIL_PA_TOTAL(1.0),06/09/23 23:00:00,A,THS_PAS,LT,2015,3790,
ESTAT:RAIL_PA_TOTAL(1.0),06/09/23 23:00:00,A,THS_PAS,LT,2016,3916,
ESTAT:RAIL_PA_TOTAL(1.0),06/09/23 23:00:00,A,THS_PAS,LT,2017,4176,
ESTAT:RAIL_PA_TOTAL(1.0),06/09/23 23:00:00,A,THS_PAS,LT,2018,4665,
ESTAT:RAIL_PA_TOTAL(1.0),06/09/23 23:00:00,A,THS_PAS,LT,2019,4991,
ESTAT:RAIL_PA_TOTAL(1.0),06/09/23 23:00:00,A,THS_PAS,LT,2020,3238,
ESTAT:RAIL_PA_TOTAL(1.0),06/09/23 23:00:00,A,THS_PAS,LT,2021,3948,
ESTAT:RAIL_PA_TOTAL(1.0),06/09/23 23:00:00,A,THS_PAS,LT,2022,4464,
ESTAT:RAIL_PA_TOTAL(1.0),06/09/23 23:00:00,A,THS_PAS,LU,2013,20549,
ESTAT:RAIL_PA_TOTAL(1.0),06/09/23 23:00:00,A,THS_PAS,LU,2014,21503,
ESTAT:RAIL_PA_TOTAL(1.0),06/09/23 23:00:00,A,THS_PAS,LU,2015,22496,
ESTAT:RAIL_PA_TOTAL(1.0),06/09/23 23:00:00,A,THS_PAS,LU,2016,22459,
ESTAT:RAIL_PA_TOTAL(1.0),06/09/23 23:00:00,A,THS_PAS,LU,2017,22930,
ESTAT:RAIL_PA_TOTAL(1.0),06/09/23 23:00:00,A,THS_PAS,LU,2018,23331,
ESTAT:RAIL_PA_TOTAL(1.0),06/09/23 23:00:00,A,THS_PAS,LU,2019,25016,
ESTAT:RAIL_PA_TOTAL(1.0),06/09/23 23:00:00,A,THS_PAS,LU,2020,14527,
ESTAT:RAIL_PA_TOTAL(1.0),06/09/23 23:00:00,A,THS_PAS,LU,2021,16595,
ESTAT:RAIL_PA_TOTAL(1.0),06/09/23 23:00:00,A,THS_PAS,LU,2022,22038,
ESTAT:RAIL_PA_TOTAL(1.0),06/09/23 23:00:00,A,THS_PAS,LV,2013,19730,
ESTAT:RAIL_PA_TOTAL(1.0),06/09/23 23:00:00,A,THS_PAS,LV,2014,19190,
ESTAT:RAIL_PA_TOTAL(1.0),06/09/23 23:00:00,A,THS_PAS,LV,2015,17065,
ESTAT:RAIL_PA_TOTAL(1.0),06/09/23 23:00:00,A,THS_PAS,LV,2016,17228,
ESTAT:RAIL_PA_TOTAL(1.0),06/09/23 23:00:00,A,THS_PAS,LV,2017,17494,
ESTAT:RAIL_PA_TOTAL(1.0),06/09/23 23:00:00,A,THS_PAS,LV,2018,18242,
ESTAT:RAIL_PA_TOTAL(1.0),06/09/23 23:00:00,A,THS_PAS,LV,2019,18623,
ESTAT:RAIL_PA_TOTAL(1.0),06/09/23 23:00:00,A,THS_PAS,LV,2020,12862,
ESTAT:RAIL_PA_TOTAL(1.0),06/09/23 23:00:00,A,THS_PAS,LV,2021,11194,
ESTAT:RAIL_PA_TOTAL(1.0),06/09/23 23:00:00,A,THS_PAS,LV,2022,15694,
ESTAT:RAIL_PA_TOTAL(1.0),06/09/23 23:00:00,A,THS_PAS,ME,2013,922,
ESTAT:RAIL_PA_TOTAL(1.0),06/09/23 23:00:00,A,THS_PAS,ME,2014,1122,
ESTAT:RAIL_PA_TOTAL(1.0),06/09/23 23:00:00,A,THS_PAS,ME,2015,1236,
ESTAT:RAIL_PA_TOTAL(1.0),06/09/23 23:00:00,A,THS_PAS,ME,2016,1285,
ESTAT:RAIL_PA_TOTAL(1.0),06/09/23 23:00:00,A,THS_PAS,ME,2017,927,
ESTAT:RAIL_PA_TOTAL(1.0),06/09/23 23:00:00,A,THS_PAS,ME,2018,992,
ESTAT:RAIL_PA_TOTAL(1.0),06/09/23 23:00:00,A,THS_PAS,ME,2019,986,
ESTAT:RAIL_PA_TOTAL(1.0),06/09/23 23:00:00,A,THS_PAS,ME,2020,473,
ESTAT:RAIL_PA_TOTAL(1.0),06/09/23 23:00:00,A,THS_PAS,MK,2013,853,
ESTAT:RAIL_PA_TOTAL(1.0),06/09/23 23:00:00,A,THS_PAS,MK,2014,803,
ESTAT:RAIL_PA_TOTAL(1.0),06/09/23 23:00:00,A,THS_PAS,MK,2015,1022,
ESTAT:RAIL_PA_TOTAL(1.0),06/09/23 23:00:00,A,THS_PAS,MK,2016,663,
ESTAT:RAIL_PA_TOTAL(1.0),06/09/23 23:00:00,A,THS_PAS,MK,2017,500,
ESTAT:RAIL_PA_TOTAL(1.0),06/09/23 23:00:00,A,THS_PAS,MK,2018,540,
ESTAT:RAIL_PA_TOTAL(1.0),06/09/23 23:00:00,A,THS_PAS,MK,2019,549,
ESTAT:RAIL_PA_TOTAL(1.0),06/09/23 23:00:00,A,THS_PAS,MK,2020,253,
ESTAT:RAIL_PA_TOTAL(1.0),06/09/23 23:00:00,A,THS_PAS,MK,2021,252,
ESTAT:RAIL_PA_TOTAL(1.0),06/09/23 23:00:00,A,THS_PAS,NL,2013,,c
ESTAT:RAIL_PA_TOTAL(1.0),06/09/23 23:00:00,A,THS_PAS,NL,2014,,c
ESTAT:RAIL_PA_TOTAL(1.0),06/09/23 23:00:00,A,THS_PAS,NL,2015,,c
ESTAT:RAIL_PA_TOTAL(1.0),06/09/23 23:00:00,A,THS_PAS,NL,2016,,c
ESTAT:RAIL_PA_TOTAL(1.0),06/09/23 23:00:00,A,THS_PAS,NL,2017,,c
ESTAT:RAIL_PA_TOTAL(1.0),06/09/23 23:00:00,A,THS_PAS,NL,2018,,c
ESTAT:RAIL_PA_TOTAL(1.0),06/09/23 23:00:00,A,THS_PAS,NL,2019,,c
ESTAT:RAIL_PA_TOTAL(1.0),06/09/23 23:00:00,A,THS_PAS,NL,2020,,c
ESTAT:RAIL_PA_TOTAL(1.0),06/09/23 23:00:00,A,THS_PAS,NL,2021,,c
ESTAT:RAIL_PA_TOTAL(1.0),06/09/23 23:00:00,A,THS_PAS,NL,2022,,c
ESTAT:RAIL_PA_TOTAL(1.0),06/09/23 23:00:00,A,THS_PAS,NO,2013,67251,
ESTAT:RAIL_PA_TOTAL(1.0),06/09/23 23:00:00,A,THS_PAS,NO,2014,70341,
ESTAT:RAIL_PA_TOTAL(1.0),06/09/23 23:00:00,A,THS_PAS,NO,2015,73836,
ESTAT:RAIL_PA_TOTAL(1.0),06/09/23 23:00:00,A,THS_PAS,NO,2016,74293,
ESTAT:RAIL_PA_TOTAL(1.0),06/09/23 23:00:00,A,THS_PAS,NO,2017,73561,
ESTAT:RAIL_PA_TOTAL(1.0),06/09/23 23:00:00,A,THS_PAS,NO,2018,77740,
ESTAT:RAIL_PA_TOTAL(1.0),06/09/23 23:00:00,A,THS_PAS,NO,2019,80402,
ESTAT:RAIL_PA_TOTAL(1.0),06/09/23 23:00:00,A,THS_PAS,NO,2020,42599,
ESTAT:RAIL_PA_TOTAL(1.0),06/09/23 23:00:00,A,THS_PAS,NO,2021,41401,
ESTAT:RAIL_PA_TOTAL(1.0),06/09/23 23:00:00,A,THS_PAS,PL,2013,262382,
ESTAT:RAIL_PA_TOTAL(1.0),06/09/23 23:00:00,A,THS_PAS,PL,2014,260260,
ESTAT:RAIL_PA_TOTAL(1.0),06/09/23 23:00:00,A,THS_PAS,PL,2015,269664,
ESTAT:RAIL_PA_TOTAL(1.0),06/09/23 23:00:00,A,THS_PAS,PL,2016,285094,
ESTAT:RAIL_PA_TOTAL(1.0),06/09/23 23:00:00,A,THS_PAS,PL,2017,295394,
ESTAT:RAIL_PA_TOTAL(1.0),06/09/23 23:00:00,A,THS_PAS,PL,2018,,c
ESTAT:RAIL_PA_TOTAL(1.0),06/09/23 23:00:00,A,THS_PAS,PL,2019,,c
ESTAT:RAIL_PA_TOTAL(1.0),06/09/23 23:00:00,A,THS_PAS,PL,2020,,c
ESTAT:RAIL_PA_TOTAL(1.0),06/09/23 23:00:00,A,THS_PAS,PL,2021,,c
ESTAT:RAIL_PA_TOTAL(1.0),06/09/23 23:00:00,A,THS_PAS,PL,2022,,c
ESTAT:RAIL_PA_TOTAL(1.0),06/09/23 23:00:00,A,THS_PAS,PT,2013,126079,
ESTAT:RAIL_PA_TOTAL(1.0),06/09/23 23:00:00,A,THS_PAS,PT,2014,128295,
ESTAT:RAIL_PA_TOTAL(1.0),06/09/23 23:00:00,A,THS_PAS,PT,2015,130421,
ESTAT:RAIL_PA_TOTAL(1.0),06/09/23 23:00:00,A,THS_PAS,PT,2016,133472,
ESTAT:RAIL_PA_TOTAL(1.0),06/09/23 23:00:00,A,THS_PAS,PT,2017,142127,
ESTAT:RAIL_PA_TOTAL(1.0),06/09/23 23:00:00,A,THS_PAS,PT,2018,147581,
ESTAT:RAIL_PA_TOTAL(1.0),06/09/23 23:00:00,A,THS_PAS,PT,2019,175511,
ESTAT:RAIL_PA_TOTAL(1.0),06/09/23 23:00:00,A,THS_PAS,PT,2020,102247,
ESTAT:RAIL_PA_TOTAL(1.0),06/09/23 23:00:00,A,THS_PAS,PT,2021,120702,
ESTAT:RAIL_PA_TOTAL(1.0),06/09/23 23:00:00,A,THS_PAS,PT,2022,171653,
ESTAT:RAIL_PA_TOTAL(1.0),06/09/23 23:00:00,A,THS_PAS,RO,2013,57393,
ESTAT:RAIL_PA_TOTAL(1.0),06/09/23 23:00:00,A,THS_PAS,RO,2014,64751,
ESTAT:RAIL_PA_TOTAL(1.0),06/09/23 23:00:00,A,THS_PAS,RO,2015,66479,
ESTAT:RAIL_PA_TOTAL(1.0),06/09/23 23:00:00,A,THS_PAS,RO,2016,64455,
ESTAT:RAIL_PA_TOTAL(1.0),06/09/23 23:00:00,A,THS_PAS,RO,2017,69056,
ESTAT:RAIL_PA_TOTAL(1.0),06/09/23 23:00:00,A,THS_PAS,RO,2018,66500,
ESTAT:RAIL_PA_TOTAL(1.0),06/09/23 23:00:00,A,THS_PAS,RO,2019,69707,
ESTAT:RAIL_PA_TOTAL(1.0),06/09/23 23:00:00,A,THS_PAS,RO,2020,50559,
ESTAT:RAIL_PA_TOTAL(1.0),06/09/23 23:00:00,A,THS_PAS,RO,2021,54937,
ESTAT:RAIL_PA_TOTAL(1.0),06/09/23 23:00:00,A,THS_PAS,RO,2022,70464,
ESTAT:RAIL_PA_TOTAL(1.0),06/09/23 23:00:00,A,THS_PAS,SE,2013,200706,
ESTAT:RAIL_PA_TOTAL(1.0),06/09/23 23:00:00,A,THS_PAS,SE,2014,207280,
ESTAT:RAIL_PA_TOTAL(1.0),06/09/23 23:00:00,A,THS_PAS,SE,2015,214434,
ESTAT:RAIL_PA_TOTAL(1.0),06/09/23 23:00:00,A,THS_PAS,SE,2016,220945,
ESTAT:RAIL_PA_TOTAL(1.0),06/09/23 23:00:00,A,THS_PAS,SE,2017,229817,
ESTAT:RAIL_PA_TOTAL(1.0),06/09/23 23:00:00,A,THS_PAS,SE,2018,246490,
ESTAT:RAIL_PA_TOTAL(1.0),06/09/23 23:00:00,A,THS_PAS,SE,2019,264603,
ESTAT:RAIL_PA_TOTAL(1.0),06/09/23 23:00:00,A,THS_PAS,SE,2020,169163,
ESTAT:RAIL_PA_TOTAL(1.0),06/09/23 23:00:00,A,THS_PAS,SE,2021,164490,
ESTAT:RAIL_PA_TOTAL(1.0),06/09/23 23:00:00,A,THS_PAS,SE,2022,,c
ESTAT:RAIL_PA_TOTAL(1.0),06/09/23 23:00:00,A,THS_PAS,SI,2013,15995,
ESTAT:RAIL_PA_TOTAL(1.0),06/09/23 23:00:00,A,THS_PAS,SI,2014,14435,
ESTAT:RAIL_PA_TOTAL(1.0),06/09/23 23:00:00,A,THS_PAS,SI,2015,14135,
ESTAT:RAIL_PA_TOTAL(1.0),06/09/23 23:00:00,A,THS_PAS,SI,2016,13650,
ESTAT:RAIL_PA_TOTAL(1.0),06/09/23 23:00:00,A,THS_PAS,SI,2017,13002,
ESTAT:RAIL_PA_TOTAL(1.0),06/09/23 23:00:00,A,THS_PAS,SI,2018,13105,
ESTAT:RAIL_PA_TOTAL(1.0),06/09/23 23:00:00,A,THS_PAS,SI,2019,13259,
ESTAT:RAIL_PA_TOTAL(1.0),06/09/23 23:00:00,A,THS_PAS,SI,2020,7924,
ESTAT:RAIL_PA_TOTAL(1.0),06/09/23 23:00:00,A,THS_PAS,SI,2021,11663,
ESTAT:RAIL_PA_TOTAL(1.0),06/09/23 23:00:00,A,THS_PAS,SI,2022,13909,
ESTAT:RAIL_PA_TOTAL(1.0),06/09/23 23:00:00,A,THS_PAS,SK,2013,45946,
ESTAT:RAIL_PA_TOTAL(1.0),06/09/23 23:00:00,A,THS_PAS,SK,2014,49098,
ESTAT:RAIL_PA_TOTAL(1.0),06/09/23 23:00:00,A,THS_PAS,SK,2015,60292,
ESTAT:RAIL_PA_TOTAL(1.0),06/09/23 23:00:00,A,THS_PAS,SK,2016,69150,
ESTAT:RAIL_PA_TOTAL(1.0),06/09/23 23:00:00,A,THS_PAS,SK,2017,74916,
ESTAT:RAIL_PA_TOTAL(1.0),06/09/23 23:00:00,A,THS_PAS,SK,2018,77265,
ESTAT:RAIL_PA_TOTAL(1.0),06/09/23 23:00:00,A,THS_PAS,SK,2019,80671,
ESTAT:RAIL_PA_TOTAL(1.0),06/09/23 23:00:00,A,THS_PAS,SK,2020,49421,
ESTAT:RAIL_PA_TOTAL(1.0),06/09/23 23:00:00,A,THS_PAS,SK,2021,45858,
ESTAT:RAIL_PA_TOTAL(1.0),06/09/23 23:00:00,A,THS_PAS,SK,2022,66705,
ESTAT:RAIL_PA_TOTAL(1.0),06/09/23 23:00:00,A,THS_PAS,TR,2013,46442,
ESTAT:RAIL_PA_TOTAL(1.0),06/09/23 23:00:00,A,THS_PAS,TR,2014,78403,
ESTAT:RAIL_PA_TOTAL(1.0),06/09/23 23:00:00,A,THS_PAS,TR,2015,95318,
ESTAT:RAIL_PA_TOTAL(1.0),06/09/23 23:00:00,A,THS_PAS,TR,2016,89038,
ESTAT:RAIL_PA_TOTAL(1.0),06/09/23 23:00:00,A,THS_PAS,TR,2017,85338,
ESTAT:RAIL_PA_TOTAL(1.0),06/09/23 23:00:00,A,THS_PAS,TR,2018,100568,
ESTAT:RAIL_PA_TOTAL(1.0),06/09/23 23:00:00,A,THS_PAS,TR,2019,164712,
ESTAT:RAIL_PA_TOTAL(1.0),06/09/23 23:00:00,A,THS_PAS,TR,2020,99470,
ESTAT:RAIL_PA_TOTAL(1.0),06/09/23 23:00:00,A,THS_PAS,TR,2021,136103,
ESTAT:RAIL_PA_TOTAL(1.0),06/09/23 23:00:00,A,THS_PAS,TR,2022,321630,
ESTAT:RAIL_PA_TOTAL(1.0),06/09/23 23:00:00,A,THS_PAS,UK,2013,1599484,
ESTAT:RAIL_PA_TOTAL(1.0),06/09/23 23:00:00,A,THS_PAS,UK,2014,1679746,
ESTAT:RAIL_PA_TOTAL(1.0),06/09/23 23:00:00,A,THS_PAS,UK,2015,1741562,
ESTAT:RAIL_PA_TOTAL(1.0),06/09/23 23:00:00,A,THS_PAS,UK,2016,1772563,
ESTAT:RAIL_PA_TOTAL(1.0),06/09/23 23:00:00,A,THS_PAS,UK,2017,1757359,
ESTAT:RAIL_PA_TOTAL(1.0),06/09/23 23:00:00,A,THS_PAS,UK,2018,1783232,
ESTAT:RAIL_PA_TOTAL(1.0),06/09/23 23:00:00,A,THS_PAS,UK,2019,1836886,
